ID,ScriptName,ChineseName,LocozationName,Kingdom,IsShokuho,Surname,Culture,OtherName,Owner
string,string,string,string,string,int,int,int,string,string
编号,剧本中文名,中文名,本地化名,所属王国,是否织丰自带,家族姓氏,所属文化,别名,族长
clan_asakura_1,朝仓,朝仓,{=XRWN4wOB}Asakura-shi,asakura,1,Asakura,hokuriku,,lord_1_asakura
clan_yamazaki_1,山崎,山崎,{=0EuaiL5U}Yamazaki-shi,asakura,1,Yamazaki,hokuriku,,lord_1_yamazaki
clan_mizoe_1,沟江,沟江,{=65nRjENB}Mizoe-shi,asakura,1,Mizoe,hokuriku,,lord_1_mizoe
clan_maeba_1,前波,前波,{=QWSAhV9G}Maeba-shi,asakura,1,Maeba,hokuriku,,lord_1_maeba
clan_anekouji_1,姊小路,姊小路,{=lo1uTEQ8}Anekouji-shi,anekouji,1,Anekouji,tosan,,lord_1_anekouji
clan_miki_1,三木,三木,{=SNvfboK3}Miki-shi,anekouji,1,Miki,tosan,,lord_1_miki
clan_uchigashima_1,内岛,内岛,{=LboIPHhY}Uchigashima-shi,anekouji,1,Uchigashima,tosan,,lord_1_uchigashima
clan_shimotsuma_1,下间,下间,{=8Kqhx9R1}Shimotsuma-shi,ikko_shu,1,Shimotsuma,kinai,,lord_1_shimotsuma
clan_shichiri_1,七里,七里,{=kXGcCns5}Shichiri-shi,ikko_shu,1,Shichiri,kinai,,lord_1_shichiri
clan_notohatakeyama_1,能登畠山,能登畠山,{=1iyE0PaI}Noto-Hatakeyama-shi,hatakeyama,1,Notohatakeyama,kinai,,lord_1_notohatakeyama
clan_cho_1,长,长,{=oooOrCfb}Cho-shi,hatakeyama,1,Cho,kinai,,lord_1_cho
clan_yusa_1,游佐,游佐,{=iilNBXIF}Yusa-shi,hatakeyama,1,Yusa,kinai,,lord_1_yusa
clan_nukui_1,温井,温井,{=IqeslrzB}Nukui-shi,hatakeyama,1,Nukui,kinai,,lord_1_nukui
clan_maeda_1,前田,前田,{=PQRi3uY3}Maeda-shi,oda,1,Maeda,kinai,,lord_1_maeda
clan_akechi_1,明智,明智,{=c0sws5As}Akechi-shi,oda,1,Akechi,kinai,,lord_1_akechi
clan_niwa_1,丹羽,丹羽,{=uUYsYxYv}Niwa-shi,oda,1,Niwa,kinai,,lord_1_niwa
clan_ikeda_1,池田,池田,{=XUZY7RKL}Ikeda-shi,oda,1,Ikeda,kinai,,lord_1_ikeda
clan_tokugawa_1,德川,德川,{=qVwe6PhI}Tokugawa-shi,tokugawa,1,Tokugawa,tokai,,lord_1_tokugawa
clan_honda_1,本多,本多,{=u6lrAs3a}Honda-shi,tokugawa,1,Honda,tokai,,lord_1_honda
clan_sakakibara_1,榊原,榊原,{=5WrhQacH}Sakakibara-shi,tokugawa,1,Sakakibara,tokai,,lord_1_sakakibara
clan_sakai_1,酒井,酒井,{=8ARCCCRo}Sakai-shi,tokugawa,1,Sakai,tokai,,lord_1_sakai
clan_ii_1,井伊,井伊,{=2UQC6ICH}Ii-shi,tokugawa,1,Ii,tokai,,lord_1_ii
clan_okubo_1,大久保,大久保,{=Oznhza31}Okubo-shi,tokugawa,1,Okubo,tokai,,lord_1_okubo
clan_hattori_1,服部,服部,{=mQXREA7g}Hattori-shi,tokugawa,1,Hattori,tokai,,lord_1_hattori
clan_uesugi_1,上杉,上杉,{=cst28b0f}Uesugi-shi,uesugi,1,Uesugi,hokuriku,长尾,lord_1_uesugi
clan_irobe_1,色部,色部,{=KLuc7HoH}Irobe-shi,uesugi,1,Irobe,hokuriku,,lord_1_irobe
clan_kakizaki_1,柿崎,柿崎,{=ut0zK1q3}Kakizaki-shi,uesugi,1,Kakizaki,hokuriku,,lord_1_kakizaki
clan_naoe_1,直江,直江,{=46beFBYz}Naoe-shi,uesugi,1,Naoe,hokuriku,,lord_1_naoe
clan_shibata_2,新发田,新发田,{=dKQsidWH}Shibata-shi,uesugi,1,Shibata,hokuriku,,lord_2_shibata
clan_jinbo_1,神保,神保,{=5CN6Gy5S}Jinbo-shi,uesugi,1,Jinbo,hokuriku,,lord_1_jinbo
clan_murakami_2,村上,村上,{=zMS7kVYL}Murakami-shi,uesugi,1,Murakami,hokuriku,,lord_2_murakami
clan_honma_1,本间,本间,{=vbUCt3rO}Honma-shi,uesugi,1,Honma,hokuriku,,lord_1_honma
clan_honjo_1,本庄,本庄,{=Zh7GjSjo}Honjo-shi,honjo,1,Honjo,hokuriku,,lord_1_honjo
clan_takeda_1,武田,武田,{=yCcCT6mZ}Takeda-shi,takeda,1,Takeda,tosan,,lord_1_takeda
clan_baba_1,马场,马场,{=I9hQfxer}Baba-shi,takeda,1,Baba,tosan,,lord_1_baba
clan_kiso_1,木曾,木曾,{=gW4rfIRa}Kiso-shi,takeda,1,Kiso,tosan,,lord_1_kiso
clan_sanada_1,真田,真田,{=9k6cL3KU}Sanada-shi,takeda,1,Sanada,tosan,,lord_1_sanada
clan_nishina_1,仁科,仁科,{=or53kdM3}Nishina-shi,takeda,1,Nishina,tosan,,lord_1_nishina
clan_oyamada_1,小山田,小山田,{=QowjvKFN}Oyamada-shi,takeda,1,Oyamada,tosan,,lord_1_oyamada
clan_anayama_1,穴山,穴山,{=lJ4G39SA}Anayama-shi,takeda,1,Anayama,tosan,,lord_1_anayama
clan_yamagata_1,山县,山县,{=EsXGTKG6}Yamagata-shi,takeda,1,Yamagata,tosan,,lord_1_yamagata
clan_kasuga_1,春日,春日,{=cNcintrO}Kasuga-shi,takeda,1,Kasuga,tosan,,lord_1_kasuga
clan_imagawa_1,今川,今川,{=PUbRLoYj}Imagawa-shi,imagawa,1,Imagawa,tosan,,lord_1_imagawa
clan_asahina_1,朝比奈,朝比奈,{=AWRMmV7h}Asahina-shi,imagawa,1,Asahina,tosan,,lord_1_asahina
clan_fuji_1,富士,富士,{=kRGxcRfS}Fuji-shi,imagawa,1,Fuji,tosan,,lord_1_fuji
clan_okabe_1,冈部,冈部,{=Ewr11Fdb}Okabe-shi,imagawa,1,Okabe,tosan,,lord_1_okabe
clan_mori_1,毛利,毛利,{=TR017av3}Mori-shi,mori,1,Mori,sanyo,,lord_1_mori
clan_kobayakawa_1,小早川,小早川,{=w0u8gG6o}Kobayakawa-shi,mori,1,Kobayakawa,sanyo,,lord_1_kobayakawa
clan_kikkawa_1,吉川,吉川,{=n2CCJZwh}Kikkawa-shi,mori,1,Kikkawa,sanyo,,lord_1_kikkawa
clan_yoshimi_1,吉见,吉见,{=CpuD24Mi}Yoshimi-shi,mori,1,Yoshimi,sanyo,,lord_1_yoshimi
clan_naito_1,内藤,内藤,{=wwt1foUn}Naito-shi,mori,1,Naito,sanyo,,lord_1_naito
clan_nanjo_1,南条,南条,{=J9HRNpb0}Nanjo-shi,mori,1,Nanjo,sanyo,,lord_1_nanjo
clan_misawa_1,三泽,三泽,{=JGZnehmf}Mizawa-shi,mori,1,Misawa,sanyo,,lord_1_misawa
clan_amano_1,天野,天野,{=2SX9wmc3}Amano-shi,mori,1,Amano,sanyo,,lord_1_amano
clan_murakami_1,村上,村上,{=1Ty8UxNT}Murakami-shi,mori,1,Murakami,sanyo,,lord_1_murakami
clan_kawano_1,河野,河野,{=kL7d963P}Kawano-shi,mori,1,Kawano,sanyo,,lord_1_kawano
clan_uragami_1,浦上,浦上,{=0lgrXKVm}Uragami-shi,uragami,1,Uragami,sanyo,,lord_1_uragami
clan_ukita_1,宇喜多,宇喜多,{=qEujWHaS}Ukita-shi,uragami,1,Ukita,sanyo,,lord_1_ukita
clan_akashi_1,明石,明石,{=w9bAATVj}Akashi-shi,uragami,1,Akashi,sanyo,,lord_1_akashi
clan_amago_1,尼子,尼子,{=bURjXC3v}Amago-shi,amago,1,Amago,sanyo,,lord_1_amago
clan_yamanaka_1,山中,山中,{=EVP3ylVc}Yamanaka-shi,amago,1,Yamanaka,sanyo,,lord_1_yamanaka
clan_tatsuhara_1,立原,立原,{=JFYyHHSe}Tachihara-shi,amago,1,Tatsuhara,sanyo,,lord_1_tatsuhara
clan_obata_1,小幡,小幡,{=lE7sVvZR}Obata-shi,takeda,1,Obata,tosan,,lord_1_obata
clan_yura_1,由良,由良,{=9rJNJbXR}Yura-shi,uesugi,1,Yura,hokuriku,,lord_1_yura
clan_hojo_1,北条,北条,{=TJfQdtFe}Hojo-shi,hojo,1,Hojo,kanto,,lord_1_hojo
clan_matsuda_1,松田,松田,{=57hjGaZL}Matsuda-shi,hojo,1,Matsuda,kanto,,lord_1_matsuda
clan_toyama_1,远山,远山,{=XxcwBNno}Toyama-shi,hojo,1,Toyama,kanto,,lord_1_toyama
clan_didoji_1,大道寺,大道寺,{=a5C2zixP}Daidoji-shi,hojo,1,Didoji,kanto,,lord_1_didoji
clan_narita_1,成田,成田,{=7odtySTp}Narita-shi,hojo,1,Narita,kanto,,lord_1_narita
clan_chiba_1,千叶,千叶,{=hfTDnPCp}Chiba-shi,hojo,1,Chiba,kanto,,lord_1_chiba
clan_oda_2,小田,小田,{=obBB8IMs}Oda-shi,hojo,1,Oda,kanto,,lord_2_oda
clan_kogakubo_1,古河公方,古河公方,{=JcaTBEWg}Koga-Kubo-shi,hojo,1,Kogakubo,kanto,,lord_1_kogakubo
clan_sano_1,佐野,佐野,{=4YXW6utE}Sano-shi,hojo,1,Sano,kanto,,lord_1_sano
clan_yuki_1,结城,结城,{=KmXmnjce}Yuki-shi,hojo,1,Yuki,kanto,,lord_1_yuki
clan_satomi_1,里见,里见,{=UOfUWQw6}Satomi-shi,satomi,1,Satomi,kanto,,lord_1_satomi
clan_masaki_1,正木,正木,{=O1t78okp}Masaki-shi,satomi,1,Masaki,kanto,,lord_1_masaki
clan_sakai_2,酒井,酒井,{=8ARCCCRo}Sakai-shi,satomi,1,Sakai,kanto,,lord_2_sakai
clan_utsunomiya_1,宇都宫,宇都宫,{=2u6WvxxW}Utsunomiya-shi,utsunomiya,1,Utsunomiya,kanto,,lord_1_utsunomiya
clan_haga_1,芳贺,芳贺,{=9zQ8kYAR}Haga-shi,utsunomiya,1,Haga,kanto,,lord_1_haga
clan_kasama_1,笠间,笠间,{=3cIhQHtN}Kasama-shi,utsunomiya,1,Kasama,kanto,,lord_1_kasama
clan_satake_1,佐竹,佐竹,{=DOFvDvMn}Satake-shi,satake,1,Satake,kanto,,lord_1_satake
clan_edo_1,江户,江户,{=L1YBjtAz}Edo-shi,satake,1,Edo,kanto,,lord_1_edo
clan_daijo_1,大掾,大掾,{=M0xrXK9O}Daijo-shi,satake,1,Daijo,kanto,,lord_1_daijo
clan_kashima_1,鹿岛,鹿岛,{=BCsXgT4T}Kashima-shi,satake,1,Kashima,kanto,,lord_1_kashima
clan_nasu_1,那须,那须,{=hOwxMbu9}Nasu-shi,satake,1,Nasu,kanto,,lord_1_nasu
clan_akamatsu_1,赤松,赤松,{=YlpRkhrE}Akamatsu-shi,akamatsu,1,Akamatsu,kinai,,lord_1_akamatsu
clan_kodera_1,小寺,小寺,{=cLtGOm40}Kodera-shi,akamatsu,1,Kodera,kinai,,lord_1_kodera
clan_kuroda_1,黑田,黑田,{=lY9SDV7a}Kuroda-shi,akamatsu,1,Kuroda,kinai,,lord_1_kuroda
clan_bessho_1,别所,别所,{=1O30HvkU}Bessho-shi,akamatsu,1,Bessho,kinai,,lord_1_bessho
clan_matsunaga_1,松永,松永,{=RmkJpDHV}Matsunaga-shi,miyoshi,1,Matsunaga,nankai,,lord_1_matsunaga
clan_tsutsui_1,筒井,筒井,{=HTqZfe96}Tsutsui-shi,miyoshi,1,Tsutsui,nankai,,lord_1_tsutsui
clan_atagi_1,安宅,安宅,{=PLqvpKje}Atagi-shi,miyoshi,1,Atagi,nankai,,lord_1_atagi
clan_ashikaga_1,足利,足利,{=cm25rmmT}Ashikaga-shi,ashikaga,1,Ashikaga,kinai,,lord_1_ashikaga_6
clan_hosokawa_1,细川,细川,{=j0760mT5}Hosokawa-shi,ashikaga,1,Hosokawa,kinai,,lord_1_hosokawa
clan_issiki_1,一色,一色,{=gq9NGwvB}Issiki-shi,ashikaga,1,Issiki,kinai,,lord_1_issiki
clan_yamana_1,山名,山名,{=kwCYCFhQ}Yamana-shi,ashikaga,1,Yamana,kinai,,lord_1_yamana
clan_honganji_1,本愿寺,本愿寺,{=xRnrOdTc}Honganji-shi,ikko_shu,1,Honganji,kinai,,lord_1_honganji
clan_ganshoji_1,愿证寺,愿证寺,{=Hkaz0M4C}Ganshoji-shi,ikko_shu,1,Ganshoji,kinai,,lord_1_ganshoji
clan_hatakeyama_1,畠山,畠山,{=lx34RrxX}Hatakeyama-shi,hatakeyama,1,Hatakeyama,kinai,,lord_1_hatakeyama
clan_yasumi_1,安见,安见,{=99Mh6vBQ}Yasumi-shi,hatakeyama,1,Yasumi,kinai,,lord_1_yasumi
clan_yukawa_1,汤川,汤川,{=ikViyOmi}Yukawa-shi,hatakeyama,1,Yukawa,kinai,,lord_1_yukawa
clan_rokkaku_1,六角,六角,{=AFuBZx4V}Rokkaku-shi,rokkaku,1,Rokkaku,kinai,,lord_1_rokkaku
clan_gamou_1,蒲生,蒲生,{=skZuhNKm}Gamou-shi,rokkaku,1,Gamou,kinai,,lord_1_gamou
clan_azai_1,浅井,浅井,{=9jmhs2Af}Azai-shi,azai,1,Azai,kinai,,lord_1_azai
clan_todo_1,藤堂,藤堂,{=QGOk0nP3}Todo-shi,azai,1,Todo,kinai,,lord_1_todo
clan_isono_1,矶野,矶野,{=iHzPlDkM}Isono-shi,azai,1,Isono,kinai,,lord_1_isono
clan_akao_1,赤尾,赤尾,{=Mq2WPvMA}Akao-shi,azai,1,Akao,kinai,,lord_1_akao
clan_oda_1,织田,织田,{=lfglFdss}Oda-shi,oda,1,Oda,kinai,,lord_1_oda
clan_kinoshita_1,木下,木下,{=OljOni7v}Kinoshita-shi,oda,1,Kinoshita,kinai,羽柴|丰臣,lord_1_kinoshita
clan_shibata_1,柴田,柴田,{=dOsL2isy}Shibata-shi,oda,1,Shibata,kinai,,lord_1_shibata
clan_sakuma_1,佐久间,佐久间,{=Fch4loOb}Sakuma-shi,oda,1,Sakuma,kinai,,lord_1_sakuma
clan_takigawa_1,泷川,泷川,{=g1Mabrdw}Takigawa-shi,oda,1,Takigawa,kinai,,lord_1_takigawa
clan_kuki_1,九鬼,九鬼,{=Oz4Epb0l}Kuki-shi,oda,1,Kuki,kinai,,lord_1_kuki
clan_kitabatake_1,北畠,北畠,{=L48ll2wn}Kitabatake-shi,oda,1,Kitabatake,kinai,,lord_1_kitabatake
clan_shimazu_1,岛津,岛津,{=xtwV8mNg}Shimazu-shi,shimazu,1,Shimazu,saikai,,lord_1_shimazu
clan_ijuin_1,伊集院,伊集院,{=vb51XuDL}Ijuin-shi,shimazu,1,Ijuin,saikai,,lord_1_ijuin
clan_hongo_1,北乡,北乡,{=gqaEBwUE}Hongo-shi,shimazu,1,Hongo,saikai,,lord_1_hongo
clan_tanegashima_1,种子岛,种子岛,{=kKsnNZDD}Tanegashima-shi,shimazu,1,Tanegashima,saikai,,lord_1_tanegashima
clan_kawakami_1,川上,川上,{=DRRT6Yh1}Kawakami-shi,shimazu,1,Kawakami,saikai,,lord_1_kawakami
clan_uwai_1,上井,上井,{=prFVNkLc}Uwai-shi,shimazu,1,Uwai,saikai,,lord_1_uwai
clan_niro_1,新纳,新纳,{=6WeEzXMc}Niro-shi,shimazu,1,Niro,saikai,,lord_1_niro
clan_aso_1,阿苏,阿苏,{=2nPDxvvU}Aso-shi,aso,1,Aso,saikai,,lord_1_aso
clan_kai_1,甲斐,甲斐,{=PcbbEMKz}Kai-shi,aso,1,Kai,saikai,,lord_1_kai
clan_nawa_1,名和,名和,{=yJvoBlCU}Nawa-shi,aso,1,Nawa,saikai,,lord_1_nawa
clan_nishi_1,西,西,{=qfHKfquH}Nishi-shi,aso,1,Nishi,saikai,,lord_1_nishi
clan_takezaki_1,竹崎,竹崎,{=xq41XdpH}Takezaki-shi,aso,1,Takezaki,saikai,,lord_1_takezaki
clan_ito_1,伊东,伊东,{=erfPD3kM}Ito-shi,ito,1,Ito,saikai,,lord_1_ito
clan_mera_1,米良,米良,{=1GCcC8FV}Mera-shi,ito,1,Mera,saikai,,lord_1_mera
clan_nagakura_1,长仓,长仓,{=5mXM9iS3}Nagakura-shi,ito,1,Nagakura,saikai,,lord_1_nagakura
clan_kimotsuki_1,肝付,肝付,{=FfWqS9rv}Kimotsuki-shi,kimotsuki,1,Kimotsuki,saikai,,lord_1_kimotsuki
clan_sagara_1,相良,相良,{=WMGq6j1n}Sagara-shi,sagara,1,Sagara,saikai,,lord_1_sagara
clan_indo_1,犬童,犬童,{=FHrTjQq8}Indo-shi,sagara,1,Indo,saikai,,lord_1_indo
clan_amakusa_1,天草,天草,{=hepAMIkF}Amakusa-shi,sagara,1,Amakusa,saikai,,lord_1_amakusa
clan_otomo_1,大友,大友,{=fHnbNu30}Otomo-shi,otomo,1,Otomo,saikai,,lord_1_otomo
clan_kii_1,城井,城井,{=2yKuCKTm}Kii-shi,otomo,1,Kii,saikai,,lord_1_kii
clan_kamachi_1,蒲池,蒲池,{=nKMoFXSw}Kamachi-shi,otomo,1,Kamachi,saikai,,lord_1_kamachi
clan_bekki_1,户次,户次,{=kAG0Yn7Z}Bekki-shi,otomo,1,Bekki,saikai,,lord_1_bekki
clan_yoshihiro_1,吉弘,吉弘,{=nyZnP0q5}Yoshihiro-shi,otomo,1,Yoshihiro,saikai,,lord_1_yoshihiro
clan_takahashi_1,高桥,高桥,{=MUFiSZnN}Takahashi-shi,otomo,1,Takahashi,saikai,,lord_1_takahashi
clan_arima_1,有马,有马,{=VqhXPqel}Arima-shi,arima,1,Arima,saikai,,lord_1_arima
clan_omura_1,大村,大村,{=WHJDjBAc}Omura-shi,arima,1,Omura,saikai,,lord_1_omura
clan_yasutomi_1,安富,安富,{=mBLBhiJ2}Yasutomi-shi,arima,1,Yasutomi,saikai,,lord_1_yasutomi
clan_fukuda_1,福田,福田,{=pmrkQRf2}Fukuda-shi,arima,1,Fukuda,saikai,,lord_1_fukuda
clan_ryuzoji_1,龙造寺,龙造寺,{=ztOTUHZ8}Ryuzoji-shi,ryuzoji,1,Ryuzoji,saikai,,lord_1_ryuzoji
clan_matsuura_1,松浦,松浦,{=tF67sEyg}Matsuura-shi,ryuzoji,1,Matsuura,saikai,,lord_1_matsuura
clan_nabeshima_1,锅岛,锅岛,{=FQ1msfS3}Nabeshima-shi,ryuzoji,1,Nabeshima,saikai,,lord_1_nabeshima
clan_saigo_1,西乡,西乡,{=eym8aSZ5}Saigo-shi,ryuzoji,1,Saigo,saikai,,lord_1_saigo
clan_kumabe_1,隈部,隈部,{=LvmXDnyd}Kumabe-shi,ryuzoji,1,Kumabe,saikai,,lord_1_kumabe
clan_saionji_1,西园寺,西园寺,{=wApBgknq}Saionji-shi,saionji,1,Saionji,nankai,,lord_1_saionji
clan_kashuji_1,劝修寺,劝修寺,{=fjHaaIVW}Kajuji-shi,saionji,1,Kashuji,nankai,,lord_1_kashuji
clan_hoketsu_1,法华津,法华津,{=PpQpwq85}Hoketsu-shi,saionji,1,Hoketsu,nankai,,lord_1_hoketsu
clan_ichijo_1,一条,一条,{=B2hBOm0p}Ichijo-shi,ichijo,1,Ichijo,nankai,,lord_1_ichijo
clan_doi_1,土井,土井,{=pM9CGa9T}Doi-shi,ichijo,1,Doi,nankai,,lord_1_doi
clan_aki_1,安艺,安艺,{=KFO7OUtf}Aki-shi,ichijo,1,Aki,nankai,,lord_1_aki
clan_tsuno_1,津野,津野,{=uymXzBkI}Tsuno-shi,ichijo,1,Tsuno,nankai,,lord_1_tsuno
clan_chosokabe_1,长宗我部,长宗我部,{=92mcWZ66}Chosokabe-shi,chosokabe,1,Chosokabe,nankai,,lord_1_chosokabe
clan_kosokabe_1,香宗我部,香宗我部,{=VweRUc2K}Kosokabe-shi,chosokabe,1,Kosokabe,nankai,,lord_1_kosokabe
clan_kira_1,吉良,吉良,{=YrjfSw48}Kira-shi,chosokabe,1,Kira,nankai,,lord_1_kira
clan_hisatake_1,久武,久武,{=Ec8VRUVe}Hisatake-shi,chosokabe,1,Hisatake,nankai,,lord_1_hisatake
clan_yoshida_1,吉田,吉田,{=DNhzKMbS}Yoshida-shi,chosokabe,1,Yoshida,nankai,,lord_1_yoshida
clan_fukudome_1,福留,福留,{=flZ5WVeG}Fukudome-shi,chosokabe,1,Fukudome,nankai,,lord_1_fukudome
clan_miyoshi_1,三好,三好,{=mBoaB6DD}Miyoshi-shi,miyoshi,1,Miyoshi,nankai,,lord_1_miyoshi
clan_sogo_1,十河,十河,{=IYIPPzhY}Sogo-shi,miyoshi,1,Sogo,nankai,,lord_1_sogo
clan_shingai_1,新开,新开,{=bE75tDOy}Shingai-shi,miyoshi,1,Shingai,nankai,,lord_1_shingai
clan_onishi_1,大西,大西,{=sb0Pv1Rt}Onishi-shi,miyoshi,1,Onishi,nankai,,lord_1_onishi
player_faction,未找到汉化,未找到汉化,{=o0Xm5Rqk}Playerland,noKingdom,1,player_faction,neutral_culture,,main_hero
looters,追剥,追剥,{=FguhKirf}Oihagi Looters,noKingdom,1,looters,neutral_culture,,
zoku,贼寇,贼寇,{=FZjVu6zx}Zoku Bandits,noKingdom,1,zoku,neutral_culture,,
yato,野盗,野盗,{=sTvDztWN}Yato Bandits,noKingdom,1,yato,neutral_culture,,
wokou,倭寇,倭寇,{=MEQv3Fvs}Wokou Pirates,noKingdom,1,wokou,neutral_culture,,
sanzoku,山贼,山贼,{=4S24PmMZ}Sanzoku Mountain Bandits,noKingdom,1,sanzoku,neutral_culture,,
ochimusya,落武者狩,落武者狩,{=rW0j3kZA}Ochimusya-gari Manhunters,noKingdom,1,ochimusya,neutral_culture,,
deserters,逃兵,逃兵,{=Vfsbslpv}Deserters,noKingdom,1,deserters,neutral_culture,,
yamakuguri_shu,山潜众,山潜众,{=6HH6w5ZG}Yamakuguri-shu,noKingdom,1,yamakuguri_shu,neutral_culture,,
Shiwaku_shu,盐饱水军,盐饱水军,{=ejUONAWz}Shiwaku-shu,noKingdom,1,Shiwaku_shu,neutral_culture,,
tango_kaizoku,丹后海贼,丹后海贼,{=7FYD9CMy}Tango-Kaizoku,noKingdom,1,tango_kaizoku,neutral_culture,,
saika_shu,杂贺众,杂贺众,{=alnKa3Bg}Saika-shu,noKingdom,1,saika_shu,neutral_culture,,
hakusan_shuto,白山众徒,白山众徒,{=GPVvKObz}Hakusan-shuto,noKingdom,1,hakusan_shuto,neutral_culture,,
katsurayama_shu,葛山众,葛山众,{=7RJeJS64}Katsurayama-shu,noKingdom,1,katsurayama_shu,neutral_culture,,
suruga_shu,骏河水军,骏河水军,{=TjluN6ig}Suruga-shu,noKingdom,1,suruga_shu,neutral_culture,,
kazama_shu,风魔众,风魔众,{=qX0hsHoS}Kazama-shu,noKingdom,1,kazama_shu,neutral_culture,,
kurohabaki_shu,黑胫巾组,黑胫巾组,{=kEoddDyL}Kurohabaki-shu,noKingdom,1,kurohabaki_shu,neutral_culture,,
clan_ashina_1,芦名,芦名,{=eC2ASTQN}Ashina-shi,ashina,1,Ashina,ou,,lord_1_ashina
clan_inawashiro_1,猪苗代,猪苗代,{=fynHJTwu}Inawashiro-shi,ashina,1,Inawashiro,ou,,lord_1_inawashiro
clan_saze_1,佐濑,佐濑,{=8FEa2FoG}Saze-shi,ashina,1,Saze,ou,,lord_1_saze
clan_matsumoto_1,松本,松本,{=GXmPOdWx}Matsumoto-shi,ashina,1,Matsumoto,ou,,lord_1_matsumoto
clan_nikaido_1,二阶堂,二阶堂,{=H87qo4NM}Nikaido-shi,ashina,1,Nikaido,ou,,lord_1_nikaido
clan_soma_1,相马,相马,{=AomEuPxP}Soma-shi,soma,1,Soma,ou,,lord_1_soma
clan_nihonmatsu_1,二本松,二本松,{=kXgAqsVE}Nihonmatsu-shi,soma,1,Nihonmatsu,ou,,lord_1_nihonmatsu
clan_tamura_1,田村,田村,{=Txtm8EQj}Tamura-shi,soma,1,Tamura,ou,,lord_1_tamura
clan_okada_1,冈田,冈田,{=LOgpObOY}Okada-shi,soma,1,Okada,ou,,lord_1_okada
clan_date_1,伊达,伊达,{=5BAcZId0}Date-shi,date,1,Date,ou,,lord_1_date
clan_katakura_1,片仓,片仓,{=KOOT63wV}Katakura-shi,date,1,Katakura,ou,,lord_1_katakura
clan_oniniwa_1,鬼庭,鬼庭,{=PTlPcJhs}Oniniwa-shi,date,1,Oniniwa,ou,,lord_1_oniniwa
clan_watari_1,亘理,亘理,{=yoWzFxzf}Watari-shi,date,1,Watari,ou,,lord_1_watari
clan_osaki_1,大崎,大崎,{=N3obbklH}Osaki-shi,date,1,Osaki,ou,,lord_1_osaki
clan_kasai_1,葛西,葛西,{=52ZbOGpN}Kasai-shi,date,1,Kasai,ou,,lord_1_kasai
clan_iwaki_1,岩城,岩城,{=GghWbhMx}Iwaki-shi,date,1,Iwaki,ou,,lord_1_iwaki
clan_rusu_1,留守,留守,{=Mmlec0W6}Rusu-shi,date,1,Rusu,ou,,lord_1_rusu
clan_mogami_1,最上,最上,{=5opAomPm}Mogami-shi,mogami,1,Mogami,ou,,lord_1_mogami
clan_tendo_1,天童,天童,{=e0X7neFB}Tendo-shi,mogami,1,Tendo,ou,,lord_1_tendo
clan_ujiie_1,氏家,氏家,{=piDj6z9f}Ujiie-shi,mogami,1,Ujiie,ou,,lord_1_ujiie
clan_nobesawa_1,延泽,延泽,{=0rKkFwOg}Nobesawa-shi,mogami,1,Nobesawa,ou,,lord_1_nobesawa
clan_tateoka_1,楯冈,楯冈,{=k1xUIUj8}Tateoka-shi,mogami,1,Tateoka,ou,,lord_1_tateoka
clan_daihoji_1,大宝寺,大宝寺,{=71PEDLZf}Daihoji-shi,honjo,1,Daihoji,hokuriku,,lord_1_daihoji
clan_onodera_1,小野寺,小野寺,{=wmoenMOl}Onodera-shi,honjo,1,Onodera,hokuriku,,lord_1_onodera
clan_sakenobe_1,鲑延,鲑延,{=NuTx5zmj}Sakenobe-shi,honjo,1,Sakenobe,hokuriku,,lord_1_sakenobe
clan_nikaho_1,仁贺保,仁贺保,{=pI6YjX8M}Nikaho-shi,honjo,1,Nikaho,hokuriku,,lord_1_nikaho
clan_ando_1,安东,安东,{=6NWgGmYf}Ando-shi,ando,1,Ando,ou,,lord_1_ando
clan_asari_1,浅利,浅利,{=6LMl0tI8}Asari-shi,ando,1,Asari,ou,,lord_1_asari
clan_kakizaki_2,蛎崎,蛎崎,{=xy3cU9cP}Kakizaki-shi,ando,1,Kakizaki,ou,,lord_2_kakizaki
clan_tozawa_1,户泽,户泽,{=4IKyEBDc}Tozawa-shi,ando,1,Tozawa,ou,,lord_1_tozawa
clan_nanbu_1,南部,南部,{=c006Hx4r}Nanbu-shi,nanbu,1,Nanbu,ou,,lord_1_nanbu
clan_shichinohe_1,七户,七户,{=kHne65Y9}Shichinohe-shi,nanbu,1,Shichinohe,ou,,lord_1_shichinohe
clan_hachinohe_1,八户,八户,{=flBMJ4Es}Hachinohe-shi,nanbu,1,Hachinohe,ou,,lord_1_hachinohe
clan_konohe_1,九户,九户,{=ZVlwFZZv}Konohe-shi,nanbu,1,Konohe,ou,,lord_1_konohe
clan_kita_1,北,北,{=NyMA6A7K}Kita-shi,nanbu,1,Kita,ou,,lord_1_kita
clan_oura_1,大浦,大浦,{=UyMq8aDj}Oura-shi,nanbu,1,Oura,ou,,lord_1_oura
clan_shiba_1,斯波,斯波,{=3LujlMb3}Shiba-shi,nanbu,1,Shiba,ou,,lord_1_shiba
clan_asonuma_1,阿曾沼,阿曾沼,{=BMQyxH2f}Asonuma-shi,nanbu,1,Asonuma,ou,,lord_1_asonuma
clan_namioka_1,浪冈,浪冈,{=aArztftR}Namioka-shi,nanbu,1,Namioka,ou,,lord_1_namioka
clan_japanese_1,日本,日本,{=myJapanese}Japanese-shi,noKingdom,0,Japanese,neutral_culture,,
clan_aoyama_1,青山,青山,{=my_aoyama}Aoyama-shi,aoyama,0,Aoyama,kanto,,
clan_akaike_1,赤池,赤池,{=my_akaike}Akaike-shi,sagara,0,Akaike,saikai,,
clan_akai_1,赤井,赤井,{=my_akai}Akai-shi,kiku,0,Akai,kinai,,
clan_anzai_1,安西,安西,{=my_anzai}Anzai-shi,noKingdom,0,Anzai,neutral_culture,,
clan_akana_1,赤穴,赤穴,{=my_akana}Akana-shi,akana,0,Akana,sanyo,,
clan_akiue_1,秋上,秋上,{=my_akiue}Akiue-shi,amago,0,Akiue,sanyo,,
clan_akita_1,秋田,秋田,{=my_akita}Akita-shi,akita,0,Akita,ou,,
clan_akiyama_1,秋山,秋山,{=my_akiyama}Akiyama-shi,takeda,0,Akiyama,tosan,,
clan_asano_1,浅野,浅野,{=my_asano}Asano-shi,asano,0,Asano,tokai,,
clan_atobe_1,迹部,迹部,{=my_atobe}Atobe-shi,takeda,0,Atobe,tosan,,
clan_abe_1,阿部,阿部,{=my_abe}Abe-shi,tokugawa,0,Abe,tokai,,
clan_amamori_1,雨森,雨森,{=my_amamori}Amamori-shi,azai,0,Amamori,kinai,,
clan_ayukabe_1,鲇贝,鲇贝,{=my_ayukabe}Ayukabe-shi,date,0,Ayukabe,ou,,
clan_araki_1,荒木,荒木,{=my_araki}Araki-shi,kiku,0,Araki,kinai,,
clan_ankokuji_1,安国寺,安国寺,{=my_ankokuji}Ankokuji-shi,ankokuji,0,Ankokuji,nankai,,
clan_andoo_1,安藤,安藤,{=my_andoo}Andoo-shi,imagawa,0,Andoo,tosan,,
clan_iio_1,饭尾,饭尾,{=my_iio}Iio-shi,imagawa,0,Iio,tosan,,
clan_iida_1,饭田,饭田,{=my_iida}Iida-shi,ouchi,0,Iida,ou,,
clan_igasaki_1,伊贺,伊贺,{=my_igasaki}Igasaki-shi,noKingdom,0,Igasaki,neutral_culture,,
clan_igi_1,伊木,伊木,{=my_igi}Igi-shi,imagawa,0,Igi,tosan,,
clan_ike_1,池,池,{=my_ike}Ike-shi,noKingdom,0,Ike,neutral_culture,,
clan_ikoma_1,生驹,生驹,{=my_ikoma}Ikoma-shi,ikoma,0,Ikoma,tokai,,
clan_ishikawa_1,石川,石川,{=my_ishikawa}Ishikawa-shi,date,0,Ishikawa,ou,,
clan_ishida_1,石田,石田,{=my_ishida}Ishida-shi,oda,0,Ishida,kinai,,
clan_ishimoda_1,石母田,石母田,{=my_ishimoda}Ishimoda-shi,date,0,Ishimoda,ou,,
clan_isshin_1,以心,以心,{=my_isshin}Isshin-shi,noKingdom,0,Isshin,neutral_culture,,
clan_itakura_1,板仓,板仓,{=my_itakura}Itakura-shi,imagawa,0,Itakura,tosan,,
clan_itabeoka_1,板部,板部,{=my_itabeoka}Itabeoka-shi,hojo,0,Itabeoka,kanto,,
clan_itami_1,伊丹,伊丹,{=my_itami}Itami-shi,noKingdom,0,Itami,neutral_culture,,
clan_ichikawa_1,市川,市川,{=my_ichikawa}Ichikawa-shi,mori,0,Ichikawa,sanyo,,
clan_ichikuri_1,一栗,一栗,{=my_ichikuri}Ichikuri-shi,date,0,Ichikuri,ou,,
clan_iichiji_1,伊地知,伊地知,{=my_iichiji}Iichiji-shi,kimotsuki,0,Iichiji,saikai,,
clan_ichimada_1,一万田,一万田,{=my_ichimada}Ichimada-shi,ichimada,0,Ichimada,saikai,,
clan_deura_1,出浦,出浦,{=my_deura}Deura-shi,noKingdom,0,Deura,neutral_culture,,
clan_itoo_1,伊藤,伊藤,{=my_itoo}Itoo-shi,noKingdom,0,Itoo,neutral_culture,,
clan_ina_1,伊奈,伊奈,{=my_ina}Ina-shi,tokugawa,0,Ina,tokai,,
clan_inatomi_1,稻富,稻富,{=my_inatomi}Inatomi-shi,ashikaga,0,Inatomi,kinai,,
clan_inaba_1,稻叶,稻叶,{=my_inaba}Inaba-shi,saitō,0,Inaba,tokai,,
clan_inoko_1,猪子,猪子,{=my_inoko}Inoko-shi,saitō,0,Inoko,tokai,,
clan_inomata_1,猪俣,猪俣,{=my_inomata}Inomata-shi,hojo,0,Inomata,kanto,,
clan_imai_1,今井,今井,{=my_imai}Imai-shi,noKingdom,0,Imai,neutral_culture,,
clan_uno_1,宇野,宇野,{=my_uno}Uno-shi,noKingdom,0,Uno,neutral_culture,,
clan_iwanari_1,岩成,岩成,{=my_iwanari}Iwanari-shi,ashikaga,0,Iwanari,kinai,,
clan_kamiya_1,神屋,神屋,{=my_kamiya}Kamiya-shi,noKingdom,0,Kamiya,neutral_culture,,
clan_sakata_1,坂田,坂田,{=my_sakata}Sakata-shi,noKingdom,0,Sakata,neutral_culture,,
clan_ukai_1,鹈饲,鹈饲,{=my_ukai}Ukai-shi,noKingdom,0,Ukai,neutral_culture,,
clan_uku_1,宇久,宇久,{=my_uku}Uku-shi,noKingdom,0,Uku,neutral_culture,,
clan_usami_1,宇佐美,宇佐美,{=my_usami}Usami-shi,noKingdom,0,Usami,neutral_culture,,
clan_ushio_1,牛尾,牛尾,{=my_ushio}Ushio-shi,amago,0,Ushio,sanyo,,
clan_usuki_1,臼杵,臼杵,{=my_usuki}Usuki-shi,otomo,0,Usuki,saikai,,
clan_utono_1,鹈殿,鹈殿,{=my_utono}Utono-shi,imagawa,0,Utono,tosan,,
clan_uyama_1,宇山,宇山,{=my_uyama}Uyama-shi,amago,0,Uyama,sanyo,,
clan_unno_1,海野,海野,{=my_unno}Unno-shi,noKingdom,0,Unno,neutral_culture,,
clan_eiha_1,颖娃,颖娃,{=my_eiha}Eiha-shi,shimazu,0,Eiha,saikai,,
clan_emura_1,江村,江村,{=my_emura}Emura-shi,chosokabe,0,Emura,nankai,,
clan_eriguchi_1,江里口,江里口,{=my_eriguchi}Eriguchi-shi,ryuzoji,0,Eriguchi,saikai,,
clan_enjoji_1,圆城寺,圆城寺,{=my_enjoji}Enjoji-shi,ryuzoji,0,Enjoji,saikai,,
clan_endo_1,远藤,远藤,{=my_endo}Endo-shi,azai,0,Endo,kinai,,
clan_oishi_1,大石,大石,{=my_oishi}Oishi-shi,sō,0,Oishi,saikai,,
clan_ouchi_1,大内,大内,{=my_ouchi}Ouchi-shi,ouchi,0,Ouchi,ou,,
clan_okuma_1,大熊,大熊,{=my_okuma}Okuma-shi,takeda,0,Okuma,tosan,,
clan_ota_1,大须贺,大须贺,{=my_ota}Ota-shi,matsudaira,0,Ota,kanto,,
clan_otaa_1,太田,太田,{=my_otaa}Otaa-shi,otaa,0,Otaa,kanto,,
clan_otsuki_1,大谷,大谷,{=my_otsuki}Otsuki-shi,otsuki,0,Otsuki,kinai,,
clan_ogasawara_1,大月,大月,{=my_ogasawara}Ogasawara-shi,noKingdom,0,Ogasawara,neutral_culture,,
clan_oka_1,大野,大野,{=my_oka}Oka-shi,oda,0,Oka,kinai,,
clan_okamoto_1,小笠原,小笠原,{=my_okamoto}Okamoto-shi,okamoto,0,Okamoto,hokuriku,,
clan_okudaira_1,冈,冈,{=my_okudaira}Okudaira-shi,uragami,0,Okudaira,sanyo,,
clan_okumura_1,冈本,冈本,{=my_okumura}Okumura-shi,satake,0,Okumura,kanto,,
clan_iii_1,奥平,奥平,{=my_iii}Iii-shi,matsudaira,0,Iii,kanto,,
clan_kaibara_1,奥村,奥村,{=my_kaibara}Kaibara-shi,oda,0,Kaibara,kinai,,
clan_osafune_1,长船,长船,{=my_osafune}Osafune-shi,uragami,0,Osafune,sanyo,,
clan_kakei_1,小濑,小濑,{=my_kakei}Kakei-shi,noKingdom,0,Kakei,neutral_culture,,
clan_jingu_1,小岛,小岛,{=my_jingu}Jingu-shi,uesugi,0,Jingu,hokuriku,,
clan_sugiya_1,小野,小野,{=my_sugiya}Sugiya-shi,otomo,0,Sugiya,saikai,,
clan_kashin_1,小滨,小滨,{=my_kashin}Kashin-shi,noKingdom,0,Kashin,neutral_culture,,
clan_sako_1,饭富,饭富,{=my_sako}Sako-shi,takeda,0,Sako,tosan,,
clan_kazuyama_1,海北,海北,{=my_kazuyama}Kazuyama-shi,azai,0,Kazuyama,kinai,,
clan_kagawa_1,香川,香川,{=my_kagawa}Kagawa-shi,chosokabe,0,Kagawa,nankai,,
clan_kane_1,垣屋,垣屋,{=my_kane}Kane-shi,ashikaga,0,Kane,kinai,,
clan_kawata_1,笕,笕,{=my_kawata}Kawata-shi,noKingdom,0,Kawata,neutral_culture,,
clan_kasahara_1,笠原,笠原,{=my_kasahara}Kasahara-shi,hojo,0,Kasahara,kanto,,
clan_ganshojii_1,梶原,梶原,{=my_ganshojii}Ganshojii-shi,otaa,0,Ganshojii,kanto,,
clan_kanbe_1,果心,果心,{=my_kanbe}Kanbe-shi,noKingdom,0,Kanbe,neutral_culture,,
clan_kan_1,糟谷,糟谷,{=my_kan}Kan-shi,oda,0,Kan,kinai,,
clan_kyogoku_1,片桐,片桐,{=my_kyogoku}Kyogoku-shi,oda,0,Kyogoku,kinai,,
clan_kirigakure_1,佐甲,佐甲,{=my_kirigakure}Kirigakure-shi,noKingdom,0,Kirigakure,neutral_culture,,
clan_kondou_1,坚田,坚田,{=my_kondou}Kondou-shi,mori,0,Kondou,sanyo,,
clan_katsura_1,桂,桂,{=my_katsura}Katsura-shi,mori,0,Katsura,sanyo,,
clan_kazayama_1,葛山,葛山,{=my_kazayama}Kazayama-shi,imagawa,0,Kazayama,tosan,,
clan_katō_1,加藤,加藤,{=my_katō}Katō-shi,katō,0,Katō,tokai,,
clan_kanakami_1,金上,金上,{=my_kanakami}Kanakami-shi,ashina,0,Kanakami,ou,,
clan_kanamori_1,金森,金森,{=my_kanamori}Kanamori-shi,kanamori,0,Kanamori,kinai,,
clan_kani_1,可儿,可儿,{=my_kani}Kani-shi,saitō,0,Kani,tokai,,
clan_kanee_1,钟卷,钟卷,{=my_kanee}Kanee-shi,noKingdom,0,Kanee,neutral_culture,,
clan_kamei_1,龟井,龟井,{=my_kamei}Kamei-shi,kamei,0,Kamei,sanyo,,
clan_kawajiri_1,河尻,河尻,{=my_kawajiri}Kawajiri-shi,kawajiri,0,Kawajiri,tokai,,
clan_kawada_1,河田,河田,{=my_kawada}Kawada-shi,uesugi,0,Kawada,hokuriku,,
clan_kōbe_1,神户,神户,{=my_kōbe}Kōbe-shi,oda,0,Kōbe,kinai,,
clan_sugata_1,菅,菅,{=my_sugata}Sugata-shi,noKingdom,0,Sugata,neutral_culture,,
clan_kiriu_1,喜入,喜入,{=my_kiriu}Kiriu-shi,shimazu,0,Kiriu,saikai,,
clan_kimura_1,木村,木村,{=my_kimura}Kimura-shi,noKingdom,0,Kimura,neutral_culture,,
clan_kyōgoku_1,京极,京极,{=my_kyōgoku}Kyōgoku-shi,kyōgoku,0,Kyōgoku,kinai,,
clan_kirigakuree_1,雾隐,雾隐,{=my_kirigakuree}Kirigakuree-shi,noKingdom,0,Kirigakuree,neutral_culture,,
clan_kusunoki_1,楠,楠,{=my_kusunoki}Kusunoki-shi,ashikaga,0,Kusunoki,kinai,,
clan_kuchiba_1,口羽,口羽,{=my_kuchiba}Kuchiba-shi,mori,0,Kuchiba,sanyo,,
clan_kuchiki_1,朽木,朽木,{=my_kuchiki}Kuchiki-shi,ashikaga,0,Kuchiki,kinai,,
clan_kokushi_1,国司,国司,{=my_kokushi}Kokushi-shi,mori,0,Kokushi,sanyo,,
clan_kuniyoshi_1,国友,国友,{=my_kuniyoshi}Kuniyoshi-shi,noKingdom,0,Kuniyoshi,neutral_culture,,
clan_kumagai_1,熊谷,熊谷,{=my_kumagai}Kumagai-shi,mori,0,Kumagai,sanyo,,
clan_kumaya_1,组屋,组屋,{=my_kumaya}Kumaya-shi,noKingdom,0,Kumaya,neutral_culture,,
clan_sueyoshi_1,末吉,末吉,{=my_sueyoshi}Sueyoshi-shi,noKingdom,0,Sueyoshi,neutral_culture,,
clan_kurada_1,藏田,藏田,{=my_kurada}Kurada-shi,noKingdom,0,Kurada,neutral_culture,,
clan_kuwana_1,桑名,桑名,{=my_kuwana}Kuwana-shi,chosokabe,0,Kuwana,nankai,,
clan_kamiizumi_1,上泉,上泉,{=my_kamiizumi}Kamiizumi-shi,kamiizumi,0,Kamiizumi,kanto,,
clan_kōsaka_1,高坂,高坂,{=my_kōsaka}Kōsaka-shi,takeda,0,Kōsaka,tosan,,
clan_kōri_1,高力,高力,{=my_kōri}Kōri-shi,matsudaira,0,Kōri,kanto,,
clan_godai_1,五代,五代,{=my_godai}Godai-shi,godai,0,Godai,saikai,,
clan_kodama_1,儿玉,儿玉,{=my_kodama}Kodama-shi,mori,0,Kodama,sanyo,,
clan_koteida_1,笼手田,笼手田,{=my_koteida}Koteida-shi,ryuzoji,0,Koteida,saikai,,
clan_goto_1,后藤,后藤,{=my_goto}Goto-shi,rokkaku,0,Goto,kinai,,
clan_konishi_1,小西,小西,{=my_konishi}Konishi-shi,konishi,0,Konishi,kinai,,
clan_kobori_1,小堀,小堀,{=my_kobori}Kobori-shi,noKingdom,0,Kobori,neutral_culture,,
clan_koyanagawa_1,小梁川,小梁川,{=my_koyanagawa}Koyanagawa-shi,date,0,Koyanagawa,ou,,
clan_kondouu_1,近藤,近藤,{=my_kondouu}Kondouu-shi,ando,0,Kondouu,ou,,
clan_saika_1,杂贺,杂贺,{=my_saika}Saika-shi,ikko_shu,0,Saika,kinai,,
clan_saitō_1,斋藤,斋藤,{=my_saitō}Saitō-shi,saitō,0,Saitō,tokai,,
clan_saimura_1,斋村,斋村,{=my_saimura}Saimura-shi,akamatsu,0,Saimura,kinai,,
clan_saeki_1,佐伯,佐伯,{=my_saeki}Saeki-shi,otomo,0,Saeki,saikai,,
clan_sakaii_1,坂井,坂井,{=my_sakaii}Sakaii-shi,saitō,0,Sakaii,tokai,,
clan_sakazaki_1,坂崎,坂崎,{=my_sakazaki}Sakazaki-shi,uragami,0,Sakazaki,sanyo,,
clan_sasaki_1,佐佐木,佐佐木,{=my_sasaki}Sasaki-shi,noKingdom,0,Sasaki,neutral_culture,,
clan_sasabe_1,笹部,笹部,{=my_sasabe}Sasabe-shi,uragami,0,Sasabe,sanyo,,
clan_sase_1,佐世,佐世,{=my_sase}Sase-shi,mori,0,Sase,sanyo,,
clan_sada_1,佐田,佐田,{=my_sada}Sada-shi,noKingdom,0,Sada,neutral_culture,,
clan_sassa_1,佐佐,佐佐,{=my_sassa}Sassa-shi,sassa,0,Sassa,hokuriku,,
clan_saburi_1,佐分利,佐分利,{=my_saburi}Saburi-shi,noKingdom,0,Saburi,neutral_culture,,
clan_sarutobi_1,猿飞,猿飞,{=my_sarutobi}Sarutobi-shi,noKingdom,0,Sarutobi,neutral_culture,,
clan_saruwatari_1,猿渡,猿渡,{=my_saruwatari}Saruwatari-shi,shimazu,0,Saruwatari,saikai,,
clan_yamamotoji_1,山本寺,山本寺,{=my_yamamotoji}Yamamotoji-shi,uesugi,0,Yamamotoji,hokuriku,,
clan_shiina_1,椎名,椎名,{=my_shiina}Shiina-shi,shiina,0,Shiina,hokuriku,,
clan_shiga_1,志贺,志贺,{=my_shiga}Shiga-shi,otomo,0,Shiga,saikai,,
clan_shiganezawa_1,繁泽,繁泽,{=my_shiganezawa}Shiganezawa-shi,mori,0,Shiganezawa,sanyo,,
clan_shishido_1,宍户,宍户,{=my_shishido}Shishido-shi,mori,0,Shishido,sanyo,,
clan_shichijō_1,七条,七条,{=my_shichijō}Shichijō-shi,shichijō,0,Shichijō,kinai,,
clan_shinohara_1,篠原,篠原,{=my_shinohara}Shinohara-shi,ashikaga,0,Shinohara,kinai,,
clan_shibatsuji_1,芝辻,芝辻,{=my_shibatsuji}Shibatsuji-shi,noKingdom,0,Shibatsuji,neutral_culture,,
clan_shibuya_1,涩谷,涩谷,{=my_shibuya}Shibuya-shi,noKingdom,0,Shibuya,neutral_culture,,
clan_shimae_1,岛井,岛井,{=my_shimae}Shimae-shi,noKingdom,0,Shimae,neutral_culture,,
clan_shima_1,岛,岛,{=my_shima}Shima-shi,miyoshi,0,Shima,nankai,,
clan_shimizu_1,清水,清水,{=my_shimizu}Shimizu-shi,mori,0,Shimizu,sanyo,,
clan_shimura_1,志村,志村,{=my_shimura}Shimura-shi,mogami,0,Shimura,ou,,
clan_jōjō_1,上条,上条,{=my_jōjō}Jōjō-shi,uesugi,0,Jōjō,hokuriku,,
clan_shiraishi_1,白石,白石,{=my_shiraishi}Shiraishi-shi,shiraishi,0,Shiraishi,ou,,
clan_jinzai_1,神西,神西,{=my_jinzai}Jinzai-shi,amago,0,Jinzai,sanyo,,
clan_sue_1,陶,陶,{=my_sue}Sue-shi,ouchi,0,Sue,ou,,
clan_suganuma_1,菅沼,菅沼,{=my_suganuma}Suganuma-shi,matsudaira,0,Suganuma,kanto,,
clan_sugaya_1,杉谷善,杉谷善,{=my_sugaya}Sugaya-shi,noKingdom,0,Sugaya,neutral_culture,,
clan_suginobō_1,杉之坊,杉之坊,{=my_suginobō}Suginobō-shi,noKingdom,0,Suginobō,neutral_culture,,
clan_suzuki_1,铃木佐,铃木佐,{=my_suzuki}Suzuki-shi,ikko_shu,0,Suzuki,kinai,,
clan_suzukii_1,铃木,铃木,{=my_suzukii}Suzukii-shi,suzukii,0,Suzukii,kinai,,
clan_susukida_1,薄田,薄田,{=my_susukida}Susukida-shi,mori,0,Susukida,sanyo,,
clan_suda_1,须田,须田,{=my_suda}Suda-shi,mori,0,Suda,sanyo,,
clan_tsuda_1,津田,津田,{=my_tsuda}Tsuda-shi,oda,0,Tsuda,kinai,,
clan_sumikura_1,角仓,角仓,{=my_sumikura}Sumikura-shi,noKingdom,0,Sumikura,neutral_culture,,
clan_seki_1,关,关,{=my_seki}Seki-shi,oda,0,Seki,kinai,,
clan_sekiguchi_1,关口,关口,{=my_sekiguchi}Sekiguchi-shi,imagawa,0,Sekiguchi,tosan,,
clan_seiki_1,世鬼,世鬼,{=my_seiki}Seiki-shi,noKingdom,0,Seiki,neutral_culture,,
clan_sengoku_1,仙石,仙石,{=my_sengoku}Sengoku-shi,saitō,0,Sengoku,tokai,,
clan_sen_1,千,千,{=my_sen}Sen-shi,sen,0,Sen,neutral_culture,,
clan_sō_1,宗,宗,{=my_sō}Sō-shi,sō,0,Sō,saikai,,
clan_saito_1,太原,太原,{=my_saito}Saito-shi,imagawa,0,Saito,tosan,,
clan_takashima_1,高岛,高岛,{=my_takashima}Takashima-shi,ichijo,0,Takashima,nankai,,
clan_takanashi_1,高梨,高梨,{=my_takanashi}Takanashi-shi,mori,0,Takanashi,sanyo,,
clan_takayama_1,高山,高山,{=my_takayama}Takayama-shi,ashikaga,0,Takayama,kinai,,
clan_takakita_1,田北,田北,{=my_takakita}Takakita-shi,otomo,0,Takakita,saikai,,
clan_takimotoji_1,泷本寺,泷本寺,{=my_takimotoji}Takimotoji-shi,chosokabe,0,Takimotoji,nankai,,
clan_takei_1,武井,武井,{=my_takei}Takei-shi,saitō,0,Takei,tokai,,
clan_takenaka_1,竹中,竹中,{=my_takenaka}Takenaka-shi,saitō,0,Takenaka,tokai,,
clan_tachibana_1,立花,立花,{=my_tachibana}Tachibana-shi,tachibana,0,Tachibana,saikai,,
clan_tanaka_1,田中,田中,{=my_tanaka}Tanaka-shi,tanaka,0,Tanaka,neutral_culture,,
clan_tani_1,谷,谷,{=my_tani}Tani-shi,chosokabe,0,Tani,nankai,,
clan_tarou_1,多罗尾,多罗尾,{=my_tarou}Tarou-shi,noKingdom,0,Tarou,neutral_culture,,
clan_tahara_1,田原,田原,{=my_tahara}Tahara-shi,otomo,0,Tahara,saikai,,
clan_chika_1,千贺,千贺,{=my_chika}Chika-shi,noKingdom,0,Chika,neutral_culture,,
clan_chisaka_1,千坂,千坂,{=my_chisaka}Chisaka-shi,uesugi,0,Chisaka,hokuriku,,
clan_chaya_1,茶屋,茶屋,{=my_chaya}Chaya-shi,chaya,0,Chaya,neutral_culture,,
clan_tsukahara_1,塚原,塚原,{=my_tsukahara}Tsukahara-shi,noKingdom,0,Tsukahara,neutral_culture,,
clan_tsugaru_1,津轻,津轻,{=my_tsugaru}Tsugaru-shi,tsugaru,0,Tsugaru,ou,,
clan_tsuge_1,柘植,柘植,{=my_tsuge}Tsuge-shi,noKingdom,0,Tsuge,neutral_culture,,
clan_tsuchiya_1,土屋,土屋,{=my_tsuchiya}Tsuchiya-shi,takeda,0,Tsuchiya,tosan,,
clan_tsunokuma_1,角隈,角隈,{=my_tsunokuma}Tsunokuma-shi,otomo,0,Tsunokuma,saikai,,
clan_togo_1,东乡,东乡,{=my_togo}Togo-shi,togo,0,Togo,saikai,,
clan_togawa_1,户川,户川,{=my_togawa}Togawa-shi,uragami,0,Togawa,sanyo,,
clan_toki_1,土岐,土岐,{=my_toki}Toki-shi,oda,0,Toki,kinai,,
clan_tokuitsu_1,得居,得居,{=my_tokuitsu}Tokuitsu-shi,mori,0,Tokuitsu,sanyo,,
clan_tomita_1,富田,富田,{=my_tomita}Tomita-shi,asakura,0,Tomita,hokuriku,,
clan_tominaga_1,富永,富永,{=my_tominaga}Tominaga-shi,noKingdom,0,Tominaga,neutral_culture,,
clan_torii_1,鸟居,鸟居,{=my_torii}Torii-shi,matsudaira,0,Torii,kanto,,
clan_nagai_1,长井,长井,{=my_nagai}Nagai-shi,saitō,0,Nagai,tokai,,
clan_nakagawa_1,中川,中川,{=my_nakagawa}Nakagawa-shi,ashikaga,0,Nakagawa,kinai,,
clan_nagasaka_1,长坂,长坂,{=my_nagasaka}Nagasaka-shi,takeda,0,Nagasaka,tosan,,
clan_nakajima_1,中岛,中岛,{=my_nakajima}Nakajima-shi,nakajima,0,Nakajima,nankai,,
clan_chujou_1,中条,中条,{=my_chujou}Chujou-shi,uesugi,0,Chujou,hokuriku,,
clan_nagata_1,永田,永田,{=my_nagata}Nagata-shi,noKingdom,0,Nagata,neutral_culture,,
clan_gyo_1,长野,长野,{=my_gyo}Gyo-shi,gyo,0,Gyo,tokai,,
clan_noumin_1,中野,中野,{=my_noumin}Noumin-shi,date,0,Noumin,ou,,
clan_nakamura_1,中村,中村,{=my_nakamura}Nakamura-shi,nakamura,0,Nakamura,tokai,,
clan_michikawa_1,道川,道川,{=my_michikawa}Michikawa-shi,noKingdom,0,Michikawa,neutral_culture,,
clan_nakayama_1,中山,中山,{=my_nakayama}Nakayama-shi,mogami,0,Nakayama,ou,,
clan_nagoya_1,名古屋,名古屋,{=my_nagoya}Nagoya-shi,noKingdom,0,Nagoya,neutral_culture,,
clan_nasa_1,奈佐,奈佐,{=my_nasa}Nasa-shi,noKingdom,0,Nasa,neutral_culture,,
clan_nagatsuka_1,长束,长束,{=my_nagatsuka}Nagatsuka-shi,oda,0,Nagatsuka,kinai,,
clan_natsume_1,夏目,夏目,{=my_natsume}Natsume-shi,matsudaira,0,Natsume,kanto,,
clan_ruzon_1,吕宋,吕宋,{=my_ruzon}Ruzon-shi,noKingdom,0,Ruzon,neutral_culture,,
clan_narinatsu_1,成松,成松,{=my_narinatsu}Narinatsu-shi,ryuzoji,0,Narinatsu,saikai,,
clan_narutomi_1,成富,成富,{=my_narutomi}Narutomi-shi,ryuzoji,0,Narutomi,saikai,,
clan_nishikawa_1,西川,西川,{=my_nishikawa}Nishikawa-shi,noKingdom,0,Nishikawa,neutral_culture,,
clan_nikyokurin_1,二曲轮,二曲轮,{=my_nikyokurin}Nikyokurin-shi,noKingdom,0,Nikyokurin,neutral_culture,,
clan_ninomiya_1,二宫,二宫,{=my_ninomiya}Ninomiya-shi,mori,0,Ninomiya,sanyo,,
clan_numata_1,沼田,沼田,{=my_numata}Numata-shi,ashikaga,0,Numata,kinai,,
clan_negishi_1,根岸,根岸,{=my_negishi}Negishi-shi,noKingdom,0,Negishi,neutral_culture,,
clan_nenei_1,祢寝,祢寝,{=my_nenei}Nenei-shi,kimotsuki,0,Nenei,saikai,,
clan_nezu_1,根津,根津,{=my_nezu}Nezu-shi,noKingdom,0,Nezu,neutral_culture,,
clan_nomi_1,乃美,乃美,{=my_nomi}Nomi-shi,mori,0,Nomi,sanyo,,
clan_haikan_1,拜乡,拜乡,{=my_haikan}Haikan-shi,oda,0,Haikan,kinai,,
clan_hegawa_1,垪和,垪和,{=my_hegawa}Hegawa-shi,hojo,0,Hegawa,kanto,,
clan_tomono_1,友野,友野,{=my_tomono}Tomono-shi,noKingdom,0,Tomono,neutral_culture,,
clan_hasekura_1,支仓,支仓,{=my_hasekura}Hasekura-shi,date,0,Hasekura,ou,,
clan_kiku_1,波多野,波多野,{=my_kiku}Kiku-shi,kiku,0,Kiku,kinai,,
clan_hachisuka_1,蜂须贺,蜂须贺,{=my_hachisuka}Hachisuka-shi,hachisuka,0,Hachisuka,sanyo,,
clan_hachiya_1,蜂屋,蜂屋,{=my_hachiya}Hachiya-shi,saitō,0,Hachiya,tokai,,
clan_hori_1,堀立,堀立,{=my_hori}Hori-shi,noKingdom,0,Hori,neutral_culture,,
clan_hanafusa_1,花房,花房,{=my_hanafusa}Hanafusa-shi,uragami,0,Hanafusa,sanyo,,
clan_hayashizaki_1,林崎,林崎,{=my_hayashizaki}Hayashizaki-shi,noKingdom,0,Hayashizaki,neutral_culture,,
clan_hayashi_1,林,林,{=my_hayashi}Hayashi-shi,oda,0,Hayashi,kinai,,
clan_harada_1,原田,原田,{=my_harada}Harada-shi,date,0,Harada,ou,,
clan_hara_1,原,原,{=my_hara}Hara-shi,takeda,0,Hara,tosan,,
clan_harimaya_1,播磨屋,播磨屋,{=my_harimaya}Harimaya-shi,noKingdom,0,Harimaya,neutral_culture,,
clan_hanawa_1,塙,塙,{=my_hanawa}Hanawa-shi,oda,0,Hanawa,kinai,,
clan_hanawaa_1,塙团,塙团,{=my_hanawaa}Hanawaa-shi,noKingdom,0,Hanawaa,neutral_culture,,
clan_hikita_1,疋田,疋田,{=my_hikita}Hikita-shi,uesugi,0,Hikita,hokuriku,,
clan_konoike_1,鸿池,鸿池,{=my_konoike}Konoike-shi,amago,0,Konoike,sanyo,,
clan_hineno_1,日根野,日根野,{=my_hineno}Hineno-shi,saitō,0,Hineno,tokai,,
clan_hyakutake_1,百武,百武,{=my_hyakutake}Hyakutake-shi,hyakutake,0,Hyakutake,saikai,,
clan_hirai_1,平井,平井,{=my_hirai}Hirai-shi,arima,0,Hirai,saikai,,
clan_hiraiwa_1,平岩,平岩,{=my_hiraiwa}Hiraiwa-shi,matsudaira,0,Hiraiwa,kanto,,
clan_hiraoka_1,平冈,平冈,{=my_hiraoka}Hiraoka-shi,mori,0,Hiraoka,sanyo,,
clan_hiraga_1,平贺,平贺,{=my_hiraga}Hiraga-shi,mori,0,Hiraga,sanyo,,
clan_hirate_1,平手,平手,{=my_hirate}Hirate-shi,oda,0,Hirate,kinai,,
clan_hirano_1,平野,平野,{=my_hirano}Hirano-shi,oda,0,Hirano,kinai,,
clan_fūma_1,风魔,风魔,{=my_fūma}Fūma-shi,noKingdom,0,Fūma,neutral_culture,,
clan_fukamizu_1,深水,深水,{=my_fukamizu}Fukamizu-shi,sagara,0,Fukamizu,saikai,,
clan_fukushima_1,福岛,福岛,{=my_fukushima}Fukushima-shi,fukushima,0,Fukushima,tokai,,
clan_fukuhara_1,福原,福原,{=my_fukuhara}Fukuhara-shi,mori,0,Fukuhara,sanyo,,
clan_furuta_1,古田,古田,{=my_furuta}Furuta-shi,miyoshi,0,Furuta,nankai,,
clan_fuwa_1,不破,不破,{=my_fuwa}Fuwa-shi,saitō,0,Fuwa,tokai,,
clan_hoitada_1,穗井田,穗井田,{=my_hoitada}Hoitada-shi,mori,0,Hoitada,sanyo,,
clan_hōzōin_1,宝藏院,宝藏院,{=my_hōzōin}Hōzōin-shi,noKingdom,0,Hōzōin,neutral_culture,,
clan_hoshina_1,保科,保科,{=my_hoshina}Hoshina-shi,takeda,0,Hoshina,tosan,,
clan_yasui_1,安井,安井,{=my_yasui}Yasui-shi,noKingdom,0,Yasui,neutral_culture,,
clan_horio_1,堀尾,堀尾,{=my_horio}Horio-shi,horio,0,Horio,kinai,,
clan_horii_1,堀,堀,{=my_horii}Horii-shi,horii,0,Horii,hokuriku,,
clan_horiuchi_1,堀内,堀内,{=my_horiuchi}Horiuchi-shi,hatakeyama,0,Horiuchi,kinai,,
clan_honinbo_1,本因坊,本因坊,{=my_honinbo}Hon'inbo-shi,noKingdom,0,Honinbo,neutral_culture,,
clan_maeno_1,前野,前野,{=my_maeno}Maeno-shi,oda,0,Maeno,kinai,,
clan_makabe_1,真壁,真壁,{=my_makabe}Makabe-shi,satake,0,Makabe,kanto,,
clan_magara_1,真柄,真柄,{=my_magara}Magara-shi,asakura,0,Magara,hokuriku,,
clan_masuda_1,增田,增田,{=my_masuda}Masuda-shi,oda,0,Masuda,kinai,,
clan_masudaa_1,益田,益田,{=my_masudaa}Masudaa-shi,mori,0,Masudaa,sanyo,,
clan_matsui_1,松井,松井,{=my_matsui}Matsui-shi,ashikaga,0,Matsui,kinai,,
clan_matsukura_1,松仓,松仓,{=my_matsukura}Matsukura-shi,miyoshi,0,Matsukura,nankai,,
clan_matsushita_1,松下,松下,{=my_matsushita}Matsushita-shi,imagawa,0,Matsushita,tosan,,
clan_matsudaira_1,松平,松平,{=my_matsudaira}Matsudaira-shi,matsudaira,0,Matsudaira,kanto,,
clan_matsunami_1,松波,松波,{=my_matsunami}Matsunami-shi,hatakeyama,0,Matsunami,kinai,,
clan_sumiya_1,角屋,角屋,{=my_sumiya}Sumiya-shi,noKingdom,0,Sumiya,neutral_culture,,
clan_manase_1,曲直濑,曲直濑,{=my_manase}Manase-shi,noKingdom,0,Manase,neutral_culture,,
clan_marume_1,丸目,丸目,{=my_marume}Marume-shi,sagara,0,Marume,saikai,,
clan_mikumo_1,三云,三云,{=my_mikumo}Mikumo-shi,rokkaku,0,Mikumo,kinai,,
clan_onjuku_1,御宿,御宿,{=my_onjuku}Onjuku-shi,noKingdom,0,Onjuku,neutral_culture,,
clan_mizutani_1,水谷,水谷,{=my_mizutani}Mizutani-shi,soma,0,Mizutani,ou,,
clan_mizuno_1,水野,水野,{=my_mizuno}Mizuno-shi,matsudaira,0,Mizuno,kanto,,
clan_mizuo_1,沟尾,沟尾,{=my_mizuo}Mizuo-shi,saitō,0,Mizuo,tokai,,
clan_mizoguchi_1,沟口,沟口,{=my_mizoguchi}Mizoguchi-shi,mizoguchi,0,Mizoguchi,hokuriku,,
clan_mitoya_1,三刀屋,三刀屋,{=my_mitoya}Mitoya-shi,mitoya,0,Mitoya,sanyo,,
clan_mimura_1,三村,三村,{=my_mimura}Mimura-shi,mimura,0,Mimura,sanyo,,
clan_miyabe_1,宫部,宫部,{=my_miyabe}Miyabe-shi,miyabe,0,Miyabe,kinai,,
clan_miyamoto_1,宫本传,宫本传,{=my_miyamoto}Miyamoto-shi,noKingdom,0,Miyamoto,neutral_culture,,
clan_miyamotoo_1,宫本,宫本,{=my_miyamotoo}Miyamotoo-shi,noKingdom,0,Miyamotoo,neutral_culture,,
clan_murai_1,村井,村井,{=my_murai}Murai-shi,oda,0,Murai,kinai,,
clan_mochiku_1,毛受,毛受,{=my_mochiku}Mochiku-shi,oda,0,Mochiku,kinai,,
clan_mochizuki_1,望月,望月,{=my_mochizuki}Mochizuki-shi,noKingdom,0,Mochizuki,neutral_culture,,
clan_motoyama_1,本山,本山,{=my_motoyama}Motoyama-shi,ichijo,0,Motoyama,nankai,,
clan_momi_1,籾井,籾井,{=my_momi}Momi-shi,kiku,0,Momi,kinai,,
clan_momochi_1,百地,百地,{=my_momochi}Momochi-shi,noKingdom,0,Momochi,neutral_culture,,
clan_morishita_1,森下,森下,{=my_morishita}Morishita-shi,ashikaga,0,Morishita,kinai,,
clan_morii_1,森,森,{=my_morii}Morii-shi,morii,0,Morii,tokai,,
clan_mōri_1,母里,母里,{=my_mōri}Mōri-shi,akamatsu,0,Mōri,kinai,,
clan_shioka_1,师冈,师冈,{=my_shioka}Shioka-shi,noKingdom,0,Shioka,neutral_culture,,
clan_monchusho_1,问注所,问注所,{=my_monchusho}Monchusho-shi,otomo,0,Monchusho,saikai,,
clan_yaita_1,八板,八板,{=my_yaita}Yaita-shi,yaita,0,Yaita,neutral_culture,,
clan_yagyū_1,柳生石,柳生石,{=my_yagyū}Yagyū-shi,noKingdom,0,Yagyū,neutral_culture,,
clan_yagyūū_1,柳生兵,柳生兵,{=my_yagyūū}Yagyūū-shi,noKingdom,0,Yagyūū,neutral_culture,,
clan_yagyūūū_1,柳生,柳生,{=my_yagyūūū}Yagyūūū-shi,miyoshi,0,Yagyūūū,nankai,,
clan_shoyakuin_1,施药院,施药院,{=my_shoyakuin}Shoyakuin-shi,noKingdom,0,Shoyakuin,neutral_culture,,
clan_yazawa_1,矢泽,矢泽,{=my_yazawa}Yazawa-shi,takeda,0,Yazawa,tosan,,
clan_yashiro_1,屋代,屋代,{=my_yashiro}Yashiro-shi,date,0,Yashiro,ou,,
clan_yasuda_1,安田,安田,{=my_yasuda}Yasuda-shi,uesugi,0,Yasuda,hokuriku,,
clan_yanagihara_1,柳原,柳原,{=my_yanagihara}Yanagihara-shi,noKingdom,0,Yanagihara,neutral_culture,,
clan_yamada_1,山田,山田,{=my_yamada}Yamada-shi,shimazu,0,Yamada,saikai,,
clan_yamauchi_1,山内,山内,{=my_yamauchi}Yamauchi-shi,yamauchi,0,Yamauchi,tokai,,
clan_yamamoto_1,山本,山本,{=my_yamamoto}Yamamoto-shi,takeda,0,Yamamoto,tosan,,
clan_yuasa_1,汤浅,汤浅,{=my_yuasa}Yuasa-shi,noKingdom,0,Yuasa,neutral_culture,,
clan_yuri_1,由利,由利,{=my_yuri}Yuri-shi,noKingdom,0,Yuri,neutral_culture,,
clan_yokoya_1,横谷,横谷,{=my_yokoya}Yokoya-shi,noKingdom,0,Yokoya,neutral_culture,,
clan_yoshie_1,吉江,吉江,{=my_yoshie}Yoshie-shi,uesugi,0,Yoshie,hokuriku,,
clan_yoshioka_1,吉冈,吉冈,{=my_yoshioka}Yoshioka-shi,otomo,0,Yoshioka,saikai,,
clan_yose_1,世濑,世濑,{=my_yose}Yose-shi,noKingdom,0,Yose,neutral_culture,,
clan_yodoya_1,淀屋,淀屋,{=my_yodoya}Yodoya-shi,noKingdom,0,Yodoya,neutral_culture,,
clan_yanada_1,梁田,梁田,{=my_yanada}Yanada-shi,noKingdom,0,Yanada,neutral_culture,,
clan_yorika_1,依冈,依冈,{=my_yorika}Yorika-shi,ichijo,0,Yorika,nankai,,
clan_wakabayashi_1,若林,若林,{=my_wakabayashi}Wakabayashi-shi,noKingdom,0,Wakabayashi,neutral_culture,,
clan_kyouzaka_1,胁坂,胁坂,{=my_kyouzaka}Kyouzaka-shi,kyouzaka,0,Kyouzaka,kinai,,
clan_bunbu_1,分部,分部,{=my_bunbu}Bunbu-shi,oda,0,Bunbu,kinai,,
clan_wada_1,和田,和田,{=my_wada}Wada-shi,satake,0,Wada,kanto,,
clan_watanabe_1,渡边,渡边,{=my_watanabe}Watanabe-shi,matsudaira,0,Watanabe,kanto,,
clan_shouni_1,少贰,少贰,{=my_shouni}Shouni-shi,shouni,0,Shouni,saikai,,
clan_ichinomiya_1,一宫,一宫,{=my_ichinomiya}Ichinomiya-shi,ashikaga,0,Ichinomiya,kinai,,
clan_iwama_1,岩间,岩间,{=my_iwama}Iwama-shi,noKingdom,0,Iwama,neutral_culture,,
clan_reizei_1,冷泉,冷泉,{=my_reizei}Reizei-shi,ouchi,0,Reizei,ou,,
clan_shirai_1,白井,白井,{=my_shirai}Shirai-shi,ouchi,0,Shirai,ou,,
clan_shido_1,志道,志道,{=my_shido}Shido-shi,mori,0,Shido,sanyo,,
clan_inoue_1,井上,井上,{=my_inoue}Inoue-shi,mori,0,Inoue,sanyo,,
clan_sugi_1,杉,杉,{=my_sugi}Sugi-shi,ouchi,0,Sugi,ou,,
clan_ryuzojii_1,江上,江上,{=my_ryuzojii}Ryuzojii-shi,shouni,0,Ryuzojii,saikai,,
clan_futatsugi_1,二木,二木,{=my_futatsugi}Futatsugi-shi,okamoto,0,Futatsugi,hokuriku,,
clan_takada_1,高田,高田,{=my_takada}Takada-shi,noKingdom,0,Takada,neutral_culture,,
clan_mizuhara_1,水原,水原,{=my_mizuhara}Mizuhara-shi,uesugi,0,Mizuhara,hokuriku,,
clan_toshitoki_1,十时,十时,{=my_toshitoki}Toshitoki-shi,otomo,0,Toshitoki,saikai,,
clan_ueda_1,上田,上田,{=my_ueda}Ueda-shi,oda,0,Ueda,kinai,,
clan_okuni_1,大国,大国,{=my_okuni}Okuni-shi,uesugi,0,Okuni,hokuriku,,
clan_umezu_1,梅津,梅津,{=my_umezu}Umezu-shi,satake,0,Umezu,kanto,,
clan_mibuchi_1,三渊,三渊,{=my_mibuchi}Mibuchi-shi,ashikaga,0,Mibuchi,kinai,,
clan_kuriyama_1,栗山,栗山,{=my_kuriyama}Kuriyama-shi,akamatsu,0,Kuriyama,kinai,,
clan_tsutsuii_1,多贺谷,多贺谷,{=my_tsutsuii}Tsutsuii-shi,hojo,0,Tsutsuii,kanto,,
clan_mai_1,舞,舞,{=my_mai}Mai-shi,noKingdom,0,Mai,neutral_culture,,
clan_yamagami_1,山上,山上,{=my_yamagami}Yamagami-shi,uesugi,0,Yamagami,hokuriku,,
clan_tsugawa_1,津川,津川,{=my_tsugawa}Tsugawa-shi,nanbu,0,Tsugawa,ou,,
clan_hiratsuka_1,平塚,平塚,{=my_hiratsuka}Hiratsuka-shi,noKingdom,0,Hiratsuka,neutral_culture,,
clan_tsumaki_1,妻木,妻木,{=my_tsumaki}Tsumaki-shi,saitō,0,Tsumaki,tokai,,
clan_toyao_1,鸟屋,鸟屋,{=my_toyao}Toyao-shi,oda,0,Toyao,kinai,,
clan_nomura_1,野村,野村,{=my_nomura}Nomura-shi,azai,0,Nomura,kinai,,
clan_ichiyanagi_1,一柳,一柳,{=my_ichiyanagi}Ichiyanagi-shi,noKingdom,0,Ichiyanagi,neutral_culture,,
clan_sugiura_1,杉浦,杉浦,{=my_sugiura}Sugiura-shi,ikko_shu,0,Sugiura,kinai,,
clan_amakasu_1,甘粕,甘粕,{=my_amakasu}Amakasu-shi,uesugi,0,Amakasu,hokuriku,,
clan_abee_1,阿闭,阿闭,{=my_abee}Abee-shi,azai,0,Abee,kinai,,
clan_morita_1,森田,森田,{=my_morita}Morita-shi,noKingdom,0,Morita,neutral_culture,,
clan_ogawa_1,小川,小川,{=my_ogawa}Ogawa-shi,asakura,0,Ogawa,hokuriku,,
clan_tsukuda_1,佃,佃,{=my_tsukuda}Tsukuda-shi,oda,0,Tsukuda,kinai,,
clan_jindai_1,神代,神代,{=my_jindai}Jindai-shi,noKingdom,0,Jindai,neutral_culture,,
clan_akaboshi_1,赤星,赤星,{=my_akaboshi}Akaboshi-shi,ryuzoji,0,Akaboshi,saikai,,
clan_kabayama_1,桦山,桦山,{=my_kabayama}Kabayama-shi,shimazu,0,Kabayama,saikai,,
clan_fujita_1,藤田,藤田,{=my_fujita}Fujita-shi,hojo,0,Fujita,kanto,,
clan_mamiya_1,间宫,间宫,{=my_mamiya}Mamiya-shi,noKingdom,0,Mamiya,neutral_culture,,
clan_yufu_1,由布,由布,{=my_yufu}Yufu-shi,otomo,0,Yufu,saikai,,
clan_funakoshi_1,船越,船越,{=my_funakoshi}Funakoshi-shi,oda,0,Funakoshi,kinai,,
clan_kanemitsu_1,金光,金光,{=my_kanemitsu}Kanemitsu-shi,noKingdom,0,Kanemitsu,neutral_culture,,
clan_satomii_1,多米,多米,{=my_satomii}Satomii-shi,hojo,0,Satomii,kanto,,
clan_suetsugu_1,末次,末次,{=my_suetsugu}Suetsugu-shi,noKingdom,0,Suetsugu,neutral_culture,,
clan_karasawa_1,唐泽,唐泽,{=my_karasawa}Karasawa-shi,noKingdom,0,Karasawa,neutral_culture,,
clan_uedaa_1,植田,植田,{=my_uedaa}Uedaa-shi,noKingdom,0,Uedaa,neutral_culture,,
clan_obayashibo_1,大林坊,大林坊,{=my_obayashibo}Obayashibo-shi,noKingdom,0,Obayashibo,neutral_culture,,
clan_uchida_1,内田,内田,{=my_uchida}Uchida-shi,noKingdom,0,Uchida,neutral_culture,,
clan_oku_1,奥弥,奥弥,{=my_oku}Oku-shi,noKingdom,0,Oku,neutral_culture,,
clan_jinzenji_1,秦泉寺,秦泉寺,{=my_jinzenji}Jinzenji-shi,chosokabe,0,Jinzenji,nankai,,
clan_aisu_1,爱洲,爱洲,{=my_aisu}Aisu-shi,noKingdom,0,Aisu,neutral_culture,,
clan_seto_1,濑户,濑户,{=my_seto}Seto-shi,noKingdom,0,Seto,neutral_culture,,
clan_soga_1,苏我,苏我,{=my_soga}Soga-shi,noKingdom,0,Soga,neutral_culture,,
clan_saegusa_1,三枝,三枝,{=my_saegusa}Saegusa-shi,takeda,0,Saegusa,tosan,,
clan_komai_1,驹井高,驹井高,{=my_komai}Komai-shi,takeda,0,Komai,tosan,,
clan_kamada_1,镰田,镰田,{=my_kamada}Kamada-shi,shimazu,0,Kamada,saikai,,
clan_chijiwa_1,千千石,千千石,{=my_chijiwa}Chijiwa-shi,ryuzoji,0,Chijiwa,saikai,,
clan_miura_1,三浦,三浦,{=my_miura}Miura-shi,noKingdom,0,Miura,neutral_culture,,
