ID,ScriptName,CityName,LocozationName,Culture,OwnerClan,IsCity
string,string,string,string,string,string,int
编号,剧本中文名,据点名,本地化名,文化,所属家族,是否城市
castle_AMA1,国府尾城,国府尾城,{=R6gnCH7g}Kono Castle,sanyo,Faction.clan_amago_1,1
town_CHU1,栉崎城,栉崎城,{=UvTpCUpH}Kushizaki,sanyo,Faction.clan_naito_1,1
town_CHU2,津和野城,津和野城,{=kO0l01wy}Sanbonmatsu,sanyo,Faction.clan_yoshimi_1,1
town_CHU3,吉田郡山城,吉田郡山城,{=NSAkQv1M}Yoshida-Koriyama,sanyo,Faction.clan_mori_1,1
town_CHU4,石见城,石见城,{=ihU3yZM0}Iwami,sanyo,Faction.clan_kikkawa_1,1
town_CHU5,月山富田城,月山富田城,{=5CN8ewVp}Gassan-Toda,sanyo,Faction.clan_amano_1,1
town_CHU6,冈山城,冈山城,{=qti2YofG}Okayama,sanyo,Faction.clan_ukita_1,1
castle_CHU1,荒泷山城,荒泷山城,{=sZfJiRtF}Aratakiyama Castle,sanyo,Faction.clan_naito_1,1
castle_CHU2,高岭城,高岭城,{=ggBeWjpi}Kounomine Castle,sanyo,Faction.clan_mori_1,1
castle_CHU3,下濑山城,下濑山城,{=vsTEVmuj}Shimoseyama Castle,sanyo,Faction.clan_yoshimi_1,1
castle_CHU4,周防高森城,周防高森城,{=CKaQktOo}Mitsuodake Castle,sanyo,Faction.clan_mori_1,1
castle_CHU5,樱尾城,樱尾城,{=xkmklOPf}Sakurao Castle,sanyo,Faction.clan_mori_1,1
castle_CHU6,火之山城,火之山城,{=9iUfpjzA}Hinoyama Castle,sanyo,Faction.clan_kikkawa_1,1
castle_CHU7,能美城,能美城,{=rQfnY5ul}Noumi Castle,sanyo,Faction.clan_kobayakawa_1,1
castle_CHU8,松尾城,松尾城,{=cw2phJPG}Matsuo Castle,sanyo,Faction.clan_kobayakawa_1,1
castle_CHU9,三泽城,三泽城,{=MGzfCArb}Mizawa Castle,sanyo,Faction.clan_misawa_1,1
castle_CHU10,来岛城,来岛城,{=H4uQyBi6}Kurushima Castle,sanyo,Faction.clan_murakami_1,1
castle_CHU11,青木城,青木城,{=D2EylgG7}Aoki Castle,sanyo,Faction.clan_murakami_1,1
castle_CHU12,新高山城,新高山城,{=nag3Cuo5}Niitakayama Castle,sanyo,Faction.clan_kobayakawa_1,1
castle_CHU13,幸山城,幸山城,{=RYsEuRur}Kouzan Castle,sanyo,Faction.clan_kobayakawa_1,1
castle_CHU14,萩城,萩城,{=p6Qi9gzt}Hogi Castle,sanyo,Faction.clan_akashi_1,1
castle_CHU15,天神山城,天神山城,{=aWGi78Ll}Tenjinyama Castle,sanyo,Faction.clan_uragami_1,1
castle_CHU16,羽衣石城,羽衣石城,{=6ccxu05w}Ueshi Castle,sanyo,Faction.clan_nanjo_1,1
town_CHUB1,一乘谷城,一乘谷城,{=VqVNevKA}Ichijodani,hokuriku,Faction.clan_asakura_1,1
town_CHUB2,尾山御坊,尾山御坊,{=6PgvlbUT}Oyama,hokuriku,Faction.clan_shimotsuma_1,1
town_CHUB3,七尾城,七尾城,{=WYXGfvnF}Nanao,hokuriku,Faction.clan_notohatakeyama_1,1
town_CHUB4,春日山城,春日山城,{=O2PYgcG1}Kasugayama,hokuriku,Faction.clan_uesugi_1,1
town_CHUB5,新发田城,新发田城,{=CK6roQ1s}Niigata,hokuriku,Faction.clan_shibata_2,1
town_CHUB6,深志城,深志城,{=vwKTR3B3}Fukashi,tosan,Faction.clan_baba_1,1
town_CHUB7,甲府城,甲府城,{=za4xFjbt}Kofu,tosan,Faction.clan_takeda_1,1
town_CHUB8,骏府城,骏府城,{=D5Jcm1JC}Sunpu,tokai,Faction.clan_imagawa_1,1
town_CHUB9,滨松城,滨松城,{=o7IPA6R2}Hamamatsu,tokai,Faction.clan_tokugawa_1,1
town_CHUB10,冈崎城,冈崎城,{=CrOG8PLd}Okazaki,tokai,Faction.clan_tokugawa_1,1
town_CHUB11,清须城,清须城,{=7o6576n8}Kiyosu,tosan,Faction.clan_oda_1,1
town_CHUB12,樱洞城,樱洞城,{=lXdj1TtH}Sakurabora,tosan,Faction.clan_anekouji_1,1
town_CHUB13,岐阜城,岐阜城,{=2TMu4lC2}Gifu,tosan,Faction.clan_oda_1,1
castle_CHUB1,天筒山城,天筒山城,{=HTo81wy6}Tezutsuyama Castle,hokuriku,Faction.clan_asakura_1,1
castle_CHUB2,越府城,越府城,{=mpqw8uFw}Etsufu Castle,hokuriku,Faction.clan_yamazaki_1,1
castle_CHUB3,沟江城,沟江城,{=BznGdbFo}Mizoe Castle,hokuriku,Faction.clan_mizoe_1,1
castle_CHUB4,大圣寺城,大圣寺城,{=Y7mNSs2D}Daishoji Castle,hokuriku,Faction.clan_shichiri_1,1
castle_CHUB5,增山城,增山城,{=MXbySYjt}Masuyama Castle,hokuriku,Faction.clan_jinbo_1,1
castle_CHUB6,穴水城,穴水城,{=p9IiDYf9}Anamizu Castle,hokuriku,Faction.clan_cho_1,1
castle_CHUB7,根知城,根知城,{=4atk7P2g}Nechi Castle,hokuriku,Faction.clan_murakami_2,1
castle_CHUB8,猿毛城,猿毛城,{=OZD9byGd}Saruge Castle,hokuriku,Faction.clan_kakizaki_1,1
castle_CHUB9,与板城,与板城,{=fhMckOAE}Yoita Castle,hokuriku,Faction.clan_naoe_1,1
castle_CHUB10,狮子城,狮子城,{=c149C2cR}Shishiga Castle,hokuriku,Faction.clan_honma_1,1
castle_CHUB11,平林城,平林城,{=HwZEw9mI}Hirabayashi Castle,hokuriku,Faction.clan_irobe_1,1
castle_CHUB12,本庄城,本庄城,{=BSK7ThAp}Honjyo Castle,hokuriku,Faction.clan_honjo_1,1
castle_CHUB13,栃尾城,栃尾城,{=NudqZujm}Tochio Castle,hokuriku,Faction.clan_honjo_1,1
castle_CHUB14,坂户城,坂户城,{=6MHOv64n}Sakato Castle,hokuriku,Faction.clan_uesugi_1,1
castle_CHUB15,海津城,海津城,{=JDqrBEiT}Kaizu Castle,tosan,Faction.clan_kasuga_1,1
castle_CHUB16,上田城,上田城,{=cRX7KAze}Ueda Castle,tosan,Faction.clan_sanada_1,1
castle_CHUB17,小诸城,小诸城,{=Hd7GiElO}Komoro Castle,tosan,Faction.clan_kasuga_1,1
castle_CHUB18,岩殿城,岩殿城,{=W35XhvjQ}Iwadonoyama Castle,tosan,Faction.clan_oyamada_1,1
castle_CHUB19,山中城,山中城,{=ZlC6XmVV}Yamanaka Castle,tokai,Faction.clan_hojo_1,1
castle_CHUB20,伊豆长滨城,伊豆长滨城,{=tJhgPPS6}Nagahama Castle,tokai,Faction.clan_hojo_1,1
castle_CHUB21,下田城,下田城,{=TbEP7yGe}Shimoda Castle,tokai,Faction.clan_hojo_1,1
castle_CHUB22,大宫城,大宫城,{=VqLXxRhc}Omiya Castle,tokai,Faction.clan_fuji_1,1
castle_CHUB23,挂川城,挂川城,{=gJxWqKpJ}Kakegawa Castle,tokai,Faction.clan_asahina_1,1
castle_CHUB24,井伊谷城,井伊谷城,{=pP3Z8ZKy}Iinoya Castle,tokai,Faction.clan_ii_1,1
castle_CHUB25,吉田城,吉田城,{=2chHj54l}Yoshida Castle,tokai,Faction.clan_sakai_1,1
castle_CHUB26,大垣城,大垣城,{=OzxYpqps}Ogaki Castle,tosan,Faction.clan_oda_1,1
castle_CHUB28,成愿寺城,成愿寺城,{=d1uSH7Lb}Joganji Castle,hokuriku,Faction.clan_maeba_1,1
castle_CHUB29,归云城,归云城,{=bMmdlGU7}Kaerikumo Castle,tosan,Faction.clan_uchigashima_1,1
castle_CHUB30,锅山城,锅山城,{=yyGbsWow}Nabeyama Castle,tosan,Faction.clan_miki_1,1
castle_CHUB31,小鹰利城,小鹰利城,{=3iExDKs3}Kotakari Castle,tosan,Faction.clan_miki_1,1
castle_CHUB32,森城,森城,{=NY1GGm2P}Mori Castle,tosan,Faction.clan_nishina_1,1
castle_CHUB33,木曾福岛城,木曾福岛城,{=JXcJCRXa}Kiso-Fukushima Castle,tosan,Faction.clan_kiso_1,1
castle_CHUB34,高远城,高远城,{=xsrz8R6S}Takato Castle,tosan,Faction.clan_takeda_1,1
castle_CHUB35,能美城,能美城,{=rQfnY5ul}Noken Castle,tosan,Faction.clan_anayama_1,1
town_KA1,小田原城,小田原城,{=6JVWOV78}Odawara,kanto,Faction.clan_hojo_1,1
town_KA2,江户城,江户城,{=0V7RNUk1}Edo,kanto,Faction.clan_toyama_1,1
town_KA3,太田城,太田城,{=aTuhwpl9}Ota,kanto,Faction.clan_satake_1,1
town_KA4,宇都宫,宇都宫,{=9iMMapjE}Utsunomiya,kanto,Faction.clan_utsunomiya_1,1
town_KA5,箕轮城,箕轮城,{=g5NTSS2Y}Minowa,kanto,Faction.clan_sanada_1,1
castle_KA1,三崎城,三崎城,{=qmGxdT6U}Misaki Castle,kanto,Faction.clan_hojo_1,1
castle_KA2,小机城,小机城,{=mQQksGbP}Kozukue Castle,kanto,Faction.clan_hojo_1,1
castle_KA3,本佐仓城,本佐仓城,{=JkjaieKD}Motosakura Castle,kanto,Faction.clan_chiba_1,1
castle_KA4,土气城,土气城,{=MKOOPTCF}Toke Castle,kanto,Faction.clan_sakai_2,1
castle_KA5,椎津城,椎津城,{=CfzXQacm}Shiizu Castle,kanto,Faction.clan_satomi_1,1
castle_KA6,佐贯城,佐贯城,{=fUMpuOOb}Sanuki Castle,kanto,Faction.clan_satomi_1,1
castle_KA7,冈本城,冈本城,{=Ij0Ax0W7}Okamoto Castle,kanto,Faction.clan_masaki_1,1
castle_KA8,大多喜城,大多喜城,{=LWEAx25N}Otaki Castle,kanto,Faction.clan_masaki_1,1
castle_KA9,久留里城,久留里城,{=wP9NMb9t}Kururi Castle,kanto,Faction.clan_satomi_1,1
castle_KA10,饭沼城,饭沼城,{=zSObBDHa}Iinuma Castle,kanto,Faction.clan_chiba_1,1
castle_KA11,府中城,府中城,{=kePZsN6S}Fuchu Castle,kanto,Faction.clan_daijo_1,1
castle_KA12,水户城,水户城,{=5GFPjyZy}Mito Castle,kanto,Faction.clan_edo_1,1
castle_KA13,乌山城,乌山城,{=QR0ARLZq}Karasuyama Castle,kanto,Faction.clan_nasu_1,1
castle_KA14,沼田城,沼田城,{=r6clYwLT}Numata Castle,kanto,Faction.clan_uesugi_1,1
castle_KA15,国峰城,国峰城,{=1BrRu6lB}Kunimine Castle,kanto,Faction.clan_obata_1,1
castle_KA16,忍城,忍城,{=PWixu1jO}Oshi Castle,kanto,Faction.clan_narita_1,1
castle_KA17,川越城,川越城,{=4PWgvY7u}Kawagoe Castle,kanto,Faction.clan_didoji_1,1
castle_KA18,金山城,金山城,{=x0qpsNZw}Kanayama Castle,kanto,Faction.clan_yura_1,1
castle_KA19,唐泽山城,唐泽山城,{=fVwXqwlO}Karasawayama Castle,kanto,Faction.clan_sano_1,1
castle_KA20,结城城,结城城,{=C8avRQxs}Yuki Castle,kanto,Faction.clan_yuki_1,1
castle_KA21,益子城,益子城,{=Rw5bAtwn}Masuko Castle,kanto,Faction.clan_haga_1,1
castle_KA22,笠间城,笠间城,{=S931liPY}Kasama Castle,kanto,Faction.clan_kasama_1,1
castle_KA23,小田城,小田城,{=2nt5o1X2}Oda Castle,kanto,Faction.clan_oda_2,1
castle_KA24,牛久城,牛久城,{=UWvQEtSF}Ushiku Castle,kanto,Faction.clan_oda_2,1
castle_KA25,岩槻城,岩槻城,{=RvzQHYRy}Iwatsuki Castle,kanto,Faction.clan_hojo_1,1
castle_KA26,古河城,古河城,{=dteKiJUQ}Koga Castle,kanto,Faction.clan_kogakubo_1,1
castle_KA27,鹿岛城,鹿岛城,{=lwTLUV3T}Kashima Castle,kanto,Faction.clan_kashima_1,1
castle_KA28,钵形城,钵形城,{=VMkkWy2l}Hachigata Castle,kanto,Faction.clan_hojo_1,1
town_KIN1,姬路城,姬路城,{=Ix4mcLNc}Himeji,kinai,Faction.clan_kuroda_1,1
town_KIN2,大坂御坊,大坂御坊,{=wFbatASK}Osaka,kinai,Faction.clan_honganji_1,1
town_KIN3,堺,堺,{=m6qrzyCa}Sakai,kinai,Faction.clan_miyoshi_1,1
town_KIN4,奈良,奈良,{=gvK789wT}Nara,kinai,Faction.clan_tsutsui_1,1
town_KIN5,京,京,{=nvCkXHAa}Kyoto,kinai,Faction.clan_ashikaga_1,1
town_KIN6,观音寺,观音寺,{=fxIwAwp3}Kannonji,kinai,Faction.clan_rokkaku_1,1
town_KIN7,小谷城,小谷城,{=RL5Xo8fq}Odani,kinai,Faction.clan_azai_1,1
castle_KIN1,盐田城,盐田城,{=4fxOILfF}Shiota Castle,kinai,Faction.clan_kodera_1,1
castle_KIN2,生野城,生野城,{=UORxMVZv}Ikuno Castle,kinai,Faction.clan_yamana_1,1
castle_KIN3,此隅山城,此隅山城,{=b5ROKqKn}Konosumiyama Castle,kinai,Faction.clan_yamana_1,1
castle_KIN4,建部山城,建部山城,{=jIlbYCaV}Takebeyama Castle,kinai,Faction.clan_issiki_1,1
castle_KIN5,御着城,御着城,{=R4vwFE7h}Gochaku Castle,kinai,Faction.clan_akamatsu_1,1
castle_KIN6,三木城,三木城,{=9HBXGwhM}Miki Castle,kinai,Faction.clan_bessho_1,1
castle_KIN7,泷山城,泷山城,{=M0osfYXn}Takiyama Castle,kinai,Faction.clan_matsunaga_1,1
castle_KIN8,芥川山城,芥川山城,{=PKP1FMJk}Akutagawasan Castle,kinai,Faction.clan_miyoshi_1,1
castle_KIN9,朽木城,朽木城,{=eqwquYnl}Kutsuki Castle,kinai,Faction.clan_azai_1,1
castle_KIN10,佐和山城,佐和山城,{=XqDclA04}Sawayama Castle,kinai,Faction.clan_isono_1,1
castle_KIN11,信贵山城,信贵山城,{=VDk55ikU}Shigisan Castle,kinai,Faction.clan_matsunaga_1,1
castle_KIN12,高屋城,高屋城,{=X1XNarZc}Takaya Castle,kinai,Faction.clan_yasumi_1,1
castle_KIN13,岸和田城,岸和田城,{=JHkqe79H}Kishiwada Castle,kinai,Faction.clan_miyoshi_1,1
castle_KIN14,洲本城,洲本城,{=PYM45AKb}Sumoto Castle,kinai,Faction.clan_atagi_1,1
castle_KIN15,岩室城,岩室城,{=3XWs4TyE}Iwamuro Castle,kinai,Faction.clan_hatakeyama_1,1
castle_KIN16,鸟屋城,鸟屋城,{=My5AlIjm}Toya Castle,kinai,Faction.clan_hatakeyama_1,1
castle_KIN17,鸟羽城,鸟羽城,{=td8qkkz0}Toba Castle,kinai,Faction.clan_kuki_1,1
castle_KIN18,津城,津城,{=t2ioc3tv}Tsu Castle,kinai,Faction.clan_oda_1,1
castle_KIN19,伊贺上野城,伊贺上野城,{=iYjZ69ZO}Ueno Castle,kinai,Faction.clan_tsutsui_1,1
castle_KIN20,日野城,日野城,{=5Dg2vkaC}Hino Castle,kinai,Faction.clan_gamou_1,1
castle_KIN21,佐久间龟山城,佐久间龟山城,{=rogs3NNl}Sakuma-Kameyama Castle,kinai,Faction.clan_gamou_1,1
castle_KIN22,长岛城,长岛城,{=tJBWAjyZ}Nagashima Castle,kinai,Faction.clan_honganji_1,1
castle_KIN23,胜龙寺城,胜龙寺城,{=1VIjjKWB}Shoryuji Castle,kinai,Faction.clan_hosokawa_1,1
castle_KIN24,纪伊龟山城,纪伊龟山城,{=RmvKSL4R}Kii-Kameyama Castle,kinai,Faction.clan_yukawa_1,1
town_KY1,高山城,高山城,{=bbUOxTCp}Koyama,saikai,Faction.clan_kimotsuki_1,1
town_KY2,内城,内城,{=DvfCu92X}Uchi,saikai,Faction.clan_shimazu_1,1
town_KY3,佐土原城,佐土原城,{=9w6vlX8J}Sadowara,saikai,Faction.clan_ito_1,1
town_KY4,人吉城,人吉城,{=bXE3Eti6}Hitoyoshi,saikai,Faction.clan_sagara_1,1
town_KY5,臼杵城,臼杵城,{=sgEq01Iv}Niujima,saikai,Faction.clan_otomo_1,1
town_KY6,城井谷城,城井谷城,{=HHWkdmFT}Kiidani,saikai,Faction.clan_kii_1,1
town_KY7,柳川城,柳川城,{=p7K9495f}Yanagawa,saikai,Faction.clan_kamachi_1,1
town_KY8,隈本城,隈本城,{=k2e9Z4Cn}Kumamoto,saikai,Faction.clan_otomo_1,1
town_KY9,立花山城,立花山城,{=tfwfgbGr}Tachibanayama,saikai,Faction.clan_takahashi_1,1
town_KY10,佐嘉城,佐嘉城,{=eL3o2vmZ}Muranaka,saikai,Faction.clan_ryuzoji_1,1
town_KY11,日野江城,日野江城,{=NjWKX8LI}Hinoe,saikai,Faction.clan_arima_1,1
castle_KY1,富田城,富田城,{=oAgVFI62}Tomita Castle,saikai,Faction.clan_kimotsuki_1,1
castle_KY2,志布志城,志布志城,{=MoJR4iq9}Shibushi Castle,saikai,Faction.clan_hongo_1,1
castle_KY3,加濑田城,加濑田城,{=72CP6gNY}Kasedaga Castle,saikai,Faction.clan_shimazu_1,1
castle_KY4,都之城,都之城,{=Z6xvSsd1}Miyakono Castle,saikai,Faction.clan_hongo_1,1
castle_KY5,加治木城,加治木城,{=VDOHxziL}Kajiki Castle,saikai,Faction.clan_shimazu_1,1
castle_KY6,伊作城,伊作城,{=V4l3uOOV}Izaku Castle,saikai,Faction.clan_shimazu_1,1
castle_KY7,颖娃城,颖娃城,{=YlHG1uim}Ei Castle,saikai,Faction.clan_shimazu_1,1
castle_KY8,饭野城,饭野城,{=cVBxmTT1}Iino Castle,saikai,Faction.clan_shimazu_1,1
castle_KY9,一宇治城,一宇治城,{=kQ3nFXBb}Ichiuji Castle,saikai,Faction.clan_ijuin_1,1
castle_KY10,出水城,出水城,{=e0V4GJYO}Izumi Castle,saikai,Faction.clan_shimazu_1,1
castle_KY11,沃肥城,沃肥城,{=m9VjNH76}Obi Castle,saikai,Faction.clan_hongo_1,1
castle_KY12,清武城,清武城,{=0peuGHvI}Kiyotake Castle,saikai,Faction.clan_ito_1,1
castle_KY13,绫城,绫城,{=UVF2azp9}Aya Castle,saikai,Faction.clan_nagakura_1,1
castle_KY14,门川城,门川城,{=0LHvahhd}Kadogawa Castle,saikai,Faction.clan_mera_1,1
castle_KY15,锅城,锅城,{=J0Mo41hV}Nabe Castle,saikai,Faction.clan_sagara_1,1
castle_KY16,大口城,大口城,{=xRmEtOTl}Okuchi Castle,saikai,Faction.clan_indo_1,1
castle_KY17,古麓城,古麓城,{=dENmoFnW}Furufumoto Castle,saikai,Faction.clan_nawa_1,1
castle_KY18,鹤崎城,鹤崎城,{=kXl5DF4d}Tsurusaki Castle,saikai,Faction.clan_otomo_1,1
castle_KY19,冈城,冈城,{=r0l7lIjW}Oka Castle,saikai,Faction.clan_otomo_1,1
castle_KY20,杵筑城,杵筑城,{=6weMf3aJ}Kitsuki Castle,saikai,Faction.clan_yoshihiro_1,1
castle_KY21,高井岳城,高井岳城,{=HrvBj1b6}Takaidake Castle,saikai,Faction.clan_takahashi_1,1
castle_KY22,山下城,山下城,{=MfCOiZMx}Yamashita Castle,saikai,Faction.clan_kamachi_1,1
castle_KY23,玉冈城,玉冈城,{=EOUbYBPk}Tamaoka Castle,saikai,Faction.clan_otomo_1,1
castle_KY24,香春岳城,香春岳城,{=LKUxUR8Y}Kawaradake Castle,saikai,Faction.clan_takahashi_1,1
castle_KY25,松山城,松山城,{=Eux6uT73}Matsuyama Castle,saikai,Faction.clan_otomo_1,1
castle_KY26,莲池城,莲池城,{=lJKoL9IH}Hasuike Castle,saikai,Faction.clan_nabeshima_1,1
castle_KY27,势福寺城,势福寺城,{=Qhvj6XO9}Seifukuji Castle,saikai,Faction.clan_ryuzoji_1,1
castle_KY28,梶峰城,梶峰城,{=bsA0vCZ7}Kajimine Castle,saikai,Faction.clan_matsuura_1,1
castle_KY29,三条城,三条城,{=MBqlRZU5}Sanjo Castle,saikai,Faction.clan_omura_1,1
castle_KY30,须古城,须古城,{=40woqJi6}Suko Castle,saikai,Faction.clan_ryuzoji_1,1
castle_KY31,御船城,御船城,{=DhFnievF}Mifune Castle,saikai,Faction.clan_aso_1,1
castle_KY32,岩尾城,岩尾城,{=TvyJMitP}Iwao Castle,saikai,Faction.clan_kai_1,1
town_SHI1,中村御所,中村御所,{=Xycc7oGz}Nakamura,nankai,Faction.clan_ichijo_1,1
town_SHI2,黑濑城,黑濑城,{=2W7Fq6SK}Kurose,nankai,Faction.clan_saionji_1,1
town_SHI4,汤筑城,汤筑城,{=buxaDLVS}Yuzuki,nankai,Faction.clan_kawano_1,1
town_SHI5,冈丰城,冈丰城,{=BkQ18hKt}Okou,nankai,Faction.clan_chosokabe_1,1
town_SHI6,天雾城,天雾城,{=uqoP6awr}Amagiri,nankai,Faction.clan_sogo_1,1
town_SHI7,牛岐城,牛岐城,{=0R2n2Ghr}Ushiki,nankai,Faction.clan_shingai_1,1
castle_SHI1,姬野野城,姬野野城,{=KDinodgg}Himenono Castle,nankai,Faction.clan_ichijo_1,1
castle_SHI2,大洲城,大洲城,{=gv26VlxV}Ozu Castle,nankai,Faction.clan_saionji_1,1
castle_SHI3,常盘城,常盘城,{=xnMIkc2w}Tokiwa Castle,nankai,Faction.clan_kashuji_1,1
castle_SHI4,国分山城,国分山城,{=PLiqyrst}Kokubuyama Castle,nankai,Faction.clan_kawano_1,1
castle_SHI5,吉良城,吉良城,{=WZE9iw0B}Kira Castle,nankai,Faction.clan_kira_1,1
castle_SHI6,金子城,金子城,{=mFN2WlLP}Kaneko Castle,nankai,Faction.clan_kawano_1,1
castle_SHI7,大西城,大西城,{=ehKkRG65}Onishi Castle,nankai,Faction.clan_onishi_1,1
castle_SHI8,安艺城,安艺城,{=o1iKzaRQ}Aki Castle,nankai,Faction.clan_kosokabe_1,1
castle_SHI9,崎滨城,崎滨城,{=PlKW3dYT}Sakihama Castle,nankai,Faction.clan_kosokabe_1,1
castle_SHI10,十河城,十河城,{=cvw8Hsv2}Sogo Castle,nankai,Faction.clan_sogo_1,1
castle_SHI11,土佐泊城,土佐泊城,{=PaZTWp5t}Tosadomari Castle,nankai,Faction.clan_miyoshi_1,1
town_TOHO1,黑川城,黑川城,{=5avzU4Vd}Kurokawa,ou,Faction.clan_ashina_1,1
town_TOHO2,米泽城,米泽城,{=RCqlfDCy}Yonezawa,ou,Faction.clan_date_1,1
town_TOHO3,山形城,山形城,{=dzB5r5rJ}Yamagata,ou,Faction.clan_mogami_1,1
town_TOHO4,石卷城,石卷城,{=dedDT7v0}Ishinomaki,ou,Faction.clan_kasai_1,1
town_TOHO5,酒田城,酒田城,{=iIBfwKXU}Sakata,ou,Faction.clan_daihoji_1,1
town_TOHO6,土崎湊,土崎湊,{=KGp4U6ZT}Tsuchizaki-Minato,ou,Faction.clan_ando_1,1
town_TOHO7,三户城,三户城,{=YUFX5LdB}Sannohe,ou,Faction.clan_nanbu_1,1
town_TOHO8,十三湊,十三湊,{=d2r4B3vq}Tosaminato,ou,Faction.clan_namioka_1,1
castle_TOHO1,船冈城,船冈城,{=cSv4dDYF}Funaoka Castle,ou,Faction.clan_matsumoto_1,1
castle_TOHO2,猪苗代城,猪苗代城,{=Yz5C61wb}Inawashiro Castle,ou,Faction.clan_inawashiro_1,1
castle_TOHO3,二本松城,二本松城,{=s7rze40X}Nihonmatsu Castle,ou,Faction.clan_nihonmatsu_1,1
castle_TOHO4,三春城,三春城,{=yHyulJvD}Miharu Castle,ou,Faction.clan_tamura_1,1
castle_TOHO5,须贺川城,须贺川城,{=4JR9iFkF}Sukagawa Castle,ou,Faction.clan_nikaido_1,1
castle_TOHO6,饭野平城,饭野平城,{=YYwosnpB}Iinotaira Castle,ou,Faction.clan_iwaki_1,1
castle_TOHO7,小高城,小高城,{=f2CeLPNG}Odaka Castle,ou,Faction.clan_soma_1,1
castle_TOHO8,相马中村城,相马中村城,{=WyYgoD82}Soma-Nakamura Castle,ou,Faction.clan_soma_1,1
castle_TOHO9,梁川城,梁川城,{=2O1LTj6A}Yanagawa Castle,ou,Faction.clan_date_1,1
castle_TOHO10,亘理城,亘理城,{=UZpcsghh}Watari Castle,ou,Faction.clan_watari_1,1
castle_TOHO11,天童城,天童城,{=oaO9LGPD}Tendo Castle,ou,Faction.clan_tendo_1,1
castle_TOHO12,岩切城,岩切城,{=uUTWektF}Iwakiri Castle,ou,Faction.clan_rusu_1,1
castle_TOHO13,中新田城,中新田城,{=iB14AOiv}Nakaniida Castle,ou,Faction.clan_osaki_1,1
castle_TOHO14,岩出山城,岩出山城,{=sofCUqLo}Iwadeyama Castle,ou,Faction.clan_ujiie_1,1
castle_TOHO15,高清水城,高清水城,{=eehsgWjf}Takashimizu Castle,ou,Faction.clan_osaki_1,1
castle_TOHO16,寺池城,寺池城,{=KySQHYm3}Teraike Castle,ou,Faction.clan_kasai_1,1
castle_TOHO17,延泽城,延泽城,{=bdNND23Q}Nobesawa Castle,ou,Faction.clan_nobesawa_1,1
castle_TOHO18,鲑延城,鲑延城,{=xyaQJs4i}Sakenobe Castle,ou,Faction.clan_sakenobe_1,1
castle_TOHO19,仁贺保城,仁贺保城,{=RDni1NjO}Nikaho Castle,ou,Faction.clan_nikaho_1,1
castle_TOHO20,稻庭城,稻庭城,{=v3MePHaA}Inaniwa Castle,ou,Faction.clan_onodera_1,1
castle_TOHO21,横手城,横手城,{=Euog4rMA}Yokote Castle,ou,Faction.clan_onodera_1,1
castle_TOHO22,赤岩城,赤岩城,{=P9LlpXym}Akaiwa Castle,ou,Faction.clan_kasai_1,1
castle_TOHO23,横田城,横田城,{=ZT8MEupe}Yokota Castle,ou,Faction.clan_asonuma_1,1
castle_TOHO24,千德城,千德城,{=c6WgdqDP}Sentoku Castle,ou,Faction.clan_nanbu_1,1
castle_TOHO25,高水寺城,高水寺城,{=2UZWHWxt}Kousuiji Castle,ou,Faction.clan_shiba_1,1
castle_TOHO26,角馆城,角馆城,{=Aq4agpBP}Kakunodate Castle,ou,Faction.clan_tozawa_1,1
castle_TOHO27,桧山城,桧山城,{=Ob5vJ7q3}Hiyama Castle,ou,Faction.clan_ando_1,1
castle_TOHO28,大馆城,大馆城,{=ld7y4DJs}Odate Castle,ou,Faction.clan_asari_1,1
castle_TOHO29,九户城,九户城,{=YSsAfEU9}Kunohe Castle,ou,Faction.clan_konohe_1,1
castle_TOHO30,久慈城,久慈城,{=MR2TmeTe}Kuji Castle,ou,Faction.clan_konohe_1,1
castle_TOHO31,根城,根城,{=4gUUbuqA}Ne Castle,ou,Faction.clan_hachinohe_1,1
castle_TOHO32,七户城,七户城,{=Yyc80YCh}Shichinohe Castle,ou,Faction.clan_shichinohe_1,1
castle_TOHO33,大浦城,大浦城,{=fVzszw07}Oura Castle,ou,Faction.clan_oura_1,1
castle_TOHO34,浪冈城,浪冈城,{=FHNWihyd}Namioka Castle,ou,Faction.clan_namioka_1,1
castle_TOHO35,顺法寺城,顺法寺城,{=FTjRvoSv}Junpo-ji Castle,ou,Faction.clan_hachinohe_1,1
castle_village_AMA1_1,西之岛,西之岛,{=k1yojJ4A}Nishinoshima,sanyo,,0
castle_village_AMA1_2,知夫里,知夫里,{=Nw6vXG2r}Chiburi,sanyo,,0
village_CHU1_1,赤间关,赤间关,{=kD3Q4P0u}Akamagazeki,sanyo,,0
village_CHU1_2,长府,长府,{=VIWC07Rb}Chofu,sanyo,,0
village_CHU1_3,秋穗,秋穗,{=GuFaRjgy}Aio,sanyo,,0
village_CHU2_1,萩,萩,{=vHOOBCB9}Hagi,sanyo,,0
village_CHU2_2,大井,大井,{=aK0HSc4W}Oi,sanyo,,0
village_CHU2_3,三葛,三葛,{=GxkGnl8i}Mikazura,sanyo,,0
village_CHU3_1,户河内,户河内,{=ntbMy243}Togouchi,sanyo,,0
village_CHU3_2,可部,可部,{=uxffoc1I}Kabe,sanyo,,0
village_CHU3_3,三次,三次,{=nVDIrAUN}Miyoshi,sanyo,,0
village_CHU4_1,鞆浦,鞆浦,{=ryejJvC5}Tomogaura,sanyo,,0
village_CHU4_2,石金,石金,{=VDGlQJwd}Ishigane,sanyo,,0
village_CHU4_3,羽根,羽根,{=r5ANVqKb}Hane,sanyo,,0
village_CHU5_1,安来,安来,{=LwUShO8j}Yasugi,sanyo,,0
village_CHU5_2,美保关,美保关,{=EOMv6L5Q}Mihonoseki,sanyo,,0
village_CHU5_3,淀江,淀江,{=9aMOSRHh}Yodoe,sanyo,,0
village_CHU6_1,吉备津,吉备津,{=7MPxSfAc}Kibitsu,sanyo,,0
village_CHU6_2,八浜,八浜,{=U5Vy1oxO}Hachihama,sanyo,,0
village_CHU6_3,西大寺,西大寺,{=wwAiZo2v}Saidaiji,sanyo,,0
castle_village_CHU1_1,肥中,肥中,{=rdMHs0On}Hiju,sanyo,,0
castle_village_CHU1_2,濑户崎,濑户崎,{=Tk7cr6rz}Setozaki,sanyo,,0
castle_village_CHU2_1,三田尻,三田尻,{=hYa3ko4i}Mitajiri,sanyo,,0
castle_village_CHU2_2,宫市,宫市,{=vuFxEg9A}Miyaichi,sanyo,,0
castle_village_CHU3_1,须佐,须佐,{=ScnAHUPM}Susa,sanyo,,0
castle_village_CHU3_2,中须,中须,{=jX87tqV5}Nakazu,sanyo,,0
castle_village_CHU4_1,室积,室积,{=s36OCLVb}Murozumi,sanyo,,0
castle_village_CHU4_2,岩国,岩国,{=P01HZUoY}Iwakuni,sanyo,,0
castle_village_CHU5_1,玖波,玖波,{=OPAS78bG}Kuba,sanyo,,0
castle_village_CHU5_2,严岛,严岛,{=glsWfxE7}Itsukushima,sanyo,,0
castle_village_CHU6_1,三隅湊,三隅湊,{=1nlzOWW9}Misumiminato,sanyo,,0
castle_village_CHU6_2,江津,江津,{=p15FKoXR}Goutsu,sanyo,,0
castle_village_CHU7_1,濑户,濑户,{=dZN5LLR7}Seto,sanyo,,0
castle_village_CHU7_2,吴,吴,{=jIQ8ABmU}Kure,sanyo,,0
castle_village_CHU8_1,竹原,竹原,{=dYC6hZpp}Takehara,sanyo,,0
castle_village_CHU8_2,白市,白市,{=eqDZ9V5G}Shiraichi,sanyo,,0
castle_village_CHU9_1,杵筑,杵筑,{=QNTlHbu0}Kizuki,sanyo,,0
castle_village_CHU9_2,白潟,白潟,{=BSLeHhbG}Shirakata,sanyo,,0
castle_village_CHU10_1,王子,王子,{=i2U342nt}Ojou,sanyo,,0
castle_village_CHU10_2,宫浦,宫浦,{=ZyJVH3pK}Miyaura,sanyo,,0
castle_village_CHU11_1,中之庄,中之庄,{=gqR6QX1Z}Nakanosho,sanyo,,0
castle_village_CHU11_2,濑户田,濑户田,{=6lrC1jYV}Setoda,sanyo,,0
castle_village_CHU12_1,尾道,尾道,{=E9fVF5iD}Onomichi,sanyo,,0
castle_village_CHU12_2,笠冈,笠冈,{=MCoAiEZz}Kasaoka,sanyo,,0
castle_village_CHU13_1,连岛,连岛,{=uyVTNrO8}Tsurajima,sanyo,,0
castle_village_CHU13_2,下津,下津,{=bBkiYp7q}Shimotsu,sanyo,,0
castle_village_CHU14_1,牛窓,牛窓,{=v81uLwPi}Ushimado,sanyo,,0
castle_village_CHU14_2,忌部,忌部,{=qMUrlmZh}Inbe,sanyo,,0
castle_village_CHU15_1,盐汤,盐汤,{=Nr6GaOhH}Shioyu,sanyo,,0
castle_village_CHU15_2,户川,户川,{=MTe8tb9b}Togawa,sanyo,,0
castle_village_CHU16_1,桥津,桥津,{=0WX9hA8s}Hashizu,sanyo,,0
castle_village_CHU16_2,贺露,贺露,{=04PwDqo1}Karo,sanyo,,0
village_CHUB1_1,水落,水落,{=cT34Ebdw}Mizuochi,hokuriku,,0
village_CHUB1_2,北之庄,北之庄,{=t2wPJnTl}Kitanosho,hokuriku,,0
village_CHUB1_3,平泉寺,平泉寺,{=6yl5DIfX}Heisenji,hokuriku,,0
village_CHUB2_1,牛深,牛深,{=JyG9eqDR}Ushibuki,hokuriku,,0
village_CHUB2_2,安宅,安宅,{=6HTGkGwu}Ataka,hokuriku,,0
village_CHUB2_3,宫腰,宫腰,{=VPbrsyV3}Miyanokoshi,hokuriku,,0
village_CHUB3_1,能登福浦,能登福浦,{=JwZnAQwK}Noto-Fukura,hokuriku,,0
village_CHUB3_2,羽咋,羽咋,{=NgWPLmrQ}Hakui,hokuriku,,0
village_CHUB3_3,冰见,冰见,{=30Bb9CUF}Himi,hokuriku,,0
village_CHUB4_1,船居,船居,{=POZGi4zI}Funai,hokuriku,,0
village_CHUB4_2,直江津,直江津,{=fLVmeCsk}Naoetsu,hokuriku,,0
village_CHUB4_3,荒井,荒井,{=RVCdQOAQ}Arai,hokuriku,,0
village_CHUB5_1,蒲原,蒲原,{=2UhVzhNg}Kanbara,hokuriku,,0
village_CHUB5_2,新发田,新发田,{=FXLQqRDx}Shibata,hokuriku,,0
village_CHUB5_3,津川,津川,{=4Hvmfg62}Tsugawa,hokuriku,,0
village_CHUB6_1,盐尻,盐尻,{=4J5DeSPz}Shiojiri,tosan,,0
village_CHUB6_2,朝坂,朝坂,{=Epzs9bvB}Azumi,tosan,,0
village_CHUB6_3,诹访,诹访,{=jewHO3R5}Suwa,tosan,,0
village_CHUB7_1,岩间,岩间,{=9ZpFMf9j}Iwama,tosan,,0
village_CHUB7_2,上户,上户,{=etBS08Ko}Uwato,tosan,,0
village_CHUB7_3,盐山,盐山,{=hKFfL2SM}Enzan,tosan,,0
village_CHUB8_1,小河湊,小河湊,{=rIe40xil}Kogawa-minato,tokai,,0
village_CHUB8_2,久能寺,久能寺,{=BUEoaNBS}Kunoujii,tokai,,0
village_CHUB8_3,清水,清水,{=RLbLgutH}Shimizu,tokai,,0
village_CHUB9_1,挂塚,挂塚,{=piCQps0D}Kakezuka,tokai,,0
village_CHUB9_2,浅羽,浅羽,{=TCosghZ8}Asaba,tokai,,0
village_CHUB9_3,浜野浦,浜野浦,{=pQeaKfeW}Hamanoura,tokai,,0
village_CHUB10_1,内海,内海,{=DDYwxAgB}Utsumi,tokai,,0
village_CHUB10_2,小浜,小浜,{=Unk1zUdF}Ohama,tokai,,0
village_CHUB10_3,刈谷,刈谷,{=yXgoIejT}Kariya,tokai,,0
village_CHUB11_1,津岛,津岛,{=vJbZkdX7}Tsushima,tosan,,0
village_CHUB11_2,那古野,那古野,{=YiKQhjoQ}Nagono,tosan,,0
village_CHUB11_3,热田,热田,{=JjNW477Q}Atsuta,tosan,,0
village_CHUB12_1,下吕,下吕,{=3rm0moPF}Gero,tosan,,0
village_CHUB12_2,马濑,马濑,{=5MsVakpv}Maze,tosan,,0
village_CHUB12_3,萩原,萩原,{=yOZsTIzn}Hagiwara,tosan,,0
village_CHUB13_1,可儿,可儿,{=bjDeU9E6}Kani,tosan,,0
village_CHUB13_2,各务原,各务原,{=yjHtAEEM}Kakamigahara,tosan,,0
village_CHUB13_3,犬山,犬山,{=TI0M6tgm}Inuyama,tosan,,0
castle_village_CHUB1_1,敦贺,敦贺,{=BdXzJLer}Tsuruga,hokuriku,,0
castle_village_CHUB1_2,小浜,小浜,{=ijmNcreb}Obama,hokuriku,,0
castle_village_CHUB2_1,金浦,金浦,{=qEewJDux}Konoura,hokuriku,,0
castle_village_CHUB2_2,越府,越府,{=DUDOlYTC}Etsufu,hokuriku,,0
castle_village_CHUB3_1,三国湊,三国湊,{=P5SW4Or6}Mikuniminato,hokuriku,,0
castle_village_CHUB3_2,金津,金津,{=9VFHLA3r}Kanazu,hokuriku,,0
castle_village_CHUB4_1,吉崎,吉崎,{=T2Q4WFMt}Yoshizaki,hokuriku,,0
castle_village_CHUB4_2,御幸塚,御幸塚,{=Ecd8IGJg}Miyukizuka,hokuriku,,0
castle_village_CHUB5_1,放生津,放生津,{=y0hE60ln}Hojozu,hokuriku,,0
castle_village_CHUB5_2,鱼津,鱼津,{=CepFf3AB}Uozu,hokuriku,,0
castle_village_CHUB6_1,中居,中居,{=xvGZzqHc}Nakai,hokuriku,,0
castle_village_CHUB6_2,轮岛,轮岛,{=h7DlJtQC}Wajima,hokuriku,,0
castle_village_CHUB7_1,近江,近江,{=5rC2HuFe}Oumi,hokuriku,,0
castle_village_CHUB7_2,能生,能生,{=6sQmsU2E}Nou,hokuriku,,0
castle_village_CHUB8_1,柿崎,柿崎,{=7JtnPd3c}Kakizaki,hokuriku,,0
castle_village_CHUB8_2,柏崎,柏崎,{=VB9q8lt1}Kasiwazaki,hokuriku,,0
castle_village_CHUB9_1,出云崎,出云崎,{=vcwfVYcz}Izumosaki,hokuriku,,0
castle_village_CHUB9_2,寺泊,寺泊,{=Lsn74WcF}Teradomari,hokuriku,,0
castle_village_CHUB10_1,泽根,泽根,{=7t3vyHmx}Sawane,hokuriku,,0
castle_village_CHUB10_2,松崎,松崎,{=d7QHPRHE}Matsugasaki,hokuriku,,0
castle_village_CHUB11_1,平林,平林,{=8qvbF7TU}Hirabayashi,hokuriku,,0
castle_village_CHUB11_2,岩舟,岩舟,{=hWQ6aSCk}Iwafune,hokuriku,,0
castle_village_CHUB12_1,村上,村上,{=Ko1h36Co}Murakami,hokuriku,,0
castle_village_CHUB12_2,猿泽,猿泽,{=J9ywrIPV}Sarusawa,hokuriku,,0
castle_village_CHUB13_1,藏王堂,藏王堂,{=n7NdjTwb}Zaodo,hokuriku,,0
castle_village_CHUB13_2,三条,三条,{=F0FJSIJ3}Sanjo,hokuriku,,0
castle_village_CHUB14_1,饭山,饭山,{=RJ7ntwZm}Iiyama,hokuriku,,0
castle_village_CHUB14_2,汤泽,汤泽,{=1soJweIO}Yuzawa,hokuriku,,0
castle_village_CHUB15_1,芋生,芋生,{=ESwxpHkr}Imoi,tosan,,0
castle_village_CHUB15_2,冰铯,冰铯,{=0auCw7Uk}Higano,tosan,,0
castle_village_CHUB16_1,坂木,坂木,{=Hu5KORDr}Sakaki,tosan,,0
castle_village_CHUB16_2,山家,山家,{=whinybNk}Yamaga,tosan,,0
castle_village_CHUB17_1,立科,立科,{=RLsQENAd}Tateshina,tosan,,0
castle_village_CHUB17_2,岩村田,岩村田,{=YsHcsOZG}Iwamurada,tosan,,0
castle_village_CHUB18_1,吉田,吉田,{=jDTmVPMc}Yoshida,tosan,,0
castle_village_CHUB18_2,都留,都留,{=RbZ6aQZJ}Tsuru,tosan,,0
castle_village_CHUB19_1,冈宫,冈宫,{=N3c8Rw9g}Okanomiya,tokai,,0
castle_village_CHUB19_2,三岛,三岛,{=gx1JDkqp}Mishima,tokai,,0
castle_village_CHUB20_1,沼津,沼津,{=XZY1KrYO}Numazu,tokai,,0
castle_village_CHUB20_2,土肥,土肥,{=ckiCB6KN}Dohi,tokai,,0
castle_village_CHUB21_1,伊东,伊东,{=0rDc1SBx}Ito,tokai,,0
castle_village_CHUB21_2,下田,下田,{=nykU8Y8J}Shimoda,tokai,,0
castle_village_CHUB22_1,大宫,大宫,{=u3qEz2Sj}Omiya,tokai,,0
castle_village_CHUB22_2,吉原,吉原,{=uGXJfGNs}Yoshiwara,tokai,,0
castle_village_CHUB23_1,挂川,挂川,{=9u6MWvx2}Kakegawa,tokai,,0
castle_village_CHUB23_2,相良湊,相良湊,{=BAkfKBd7}Sagara-Minato,tokai,,0
castle_village_CHUB24_1,荒井湊,荒井湊,{=SklAINnF}Arai-minato,tokai,,0
castle_village_CHUB24_2,村栉,村栉,{=zulU0Gkq}Murakushi,tokai,,0
castle_village_CHUB25_1,牟吕,牟吕,{=Z1I0sr9p}Muro,tokai,,0
castle_village_CHUB25_2,东观音寺,东观音寺,{=OVKfZE0B}Tokannonji,tokai,,0
castle_village_CHUB26_1,宫川,宫川,{=63YZvplM}Miyakawa,tosan,,0
castle_village_CHUB26_2,养老,养老,{=gVfxpn0b}Yoro,tosan,,0
castle_village_CHUB28_1,成愿寺,成愿寺,{=drRb1eJx}Joganj,hokuriku,,0
castle_village_CHUB28_2,前波,前波,{=ZwLyRZ4l}Maeba,hokuriku,,0
castle_village_CHUB29_1,归云,归云,{=ccQlu1Kg}Kaerikumo,tosan,,0
castle_village_CHUB29_2,白川,白川,{=ckPgXqYM}Shirakawa,tosan,,0
castle_village_CHUB30_1,八贺,八贺,{=RYgkBrwy}Hachiga,tosan,,0
castle_village_CHUB30_2,吉城,吉城,{=JddcPSQa}Yoshiki,tosan,,0
castle_village_CHUB31_1,古川,古川,{=zNtx1PQ0}Furukawa,tosan,,0
castle_village_CHUB31_2,小岛,小岛,{=AIzmEXqU}Kojima,tosan,,0
castle_village_CHUB32_1,池田,池田,{=sNI8ZZHb}Ikeda,tosan,,0
castle_village_CHUB32_2,更级,更级,{=Jo0WieRJ}Sarashina,tosan,,0
castle_village_CHUB33_1,洗马,洗马,{=4nFCr6ZB}Seba,tosan,,0
castle_village_CHUB33_2,妻笼,妻笼,{=qVMNO1bw}Tsumago,tosan,,0
castle_village_CHUB34_1,寺町,寺町,{=kpvsA1WL}Tera,tosan,,0
castle_village_CHUB34_2,福地,福地,{=Gc9lqI9K}Fukuchi,tosan,,0
castle_village_CHUB35_1,韮崎,韮崎,{=SPg1xeg2}Nirasaki,tosan,,0
castle_village_CHUB35_2,市川,市川,{=A3cOvSag}Ichikawa,tosan,,0
village_KA1_1,热海,热海,{=rSHDe4X7}Atami,kanto,,0
village_KA1_2,须贺,须贺,{=wpQ2ndaa}Suga,kanto,,0
village_KA1_3,镰仓,镰仓,{=w4XrPFPx}Kamakura,kanto,,0
village_KA2_1,品川,品川,{=dIIiTxyA}Shinagawa,kanto,,0
village_KA2_2,船桥,船桥,{=TbCoWKJH}Funabashi,kanto,,0
village_KA2_3,市川,市川,{=A3cOvSag}Ichikawa,kanto,,0
village_KA3_1,额田,额田,{=3afDSFUm}Nukada,kanto,,0
village_KA3_2,久慈浜,久慈浜,{=OeVsHQQJ}Kuzihama,kanto,,0
village_KA3_3,大久保,大久保,{=BEXJ1F23}Okubo,kanto,,0
village_KA4_1,鹿沼,鹿沼,{=71698EPm}Kanuma,kanto,,0
village_KA4_2,饭山,饭山,{=jVHfshhL}Iiyama,kanto,,0
village_KA4_3,盐谷,盐谷,{=9hFMeM35}Shioya,kanto,,0
village_KA5_1,安中,安中,{=BuDdh2hN}Annaka,kanto,,0
village_KA5_2,仓贺野,仓贺野,{=IwK2OW0t}Kuragano,kanto,,0
village_KA5_3,厩桥,厩桥,{=BYtxHdvg}Umayabashi,kanto,,0
castle_village_KA1_1,三崎,三崎,{=m6eYZWMH}Misaki,kanto,,0
castle_village_KA1_2,浦贺,浦贺,{=AcrA0peb}Uraga,kanto,,0
castle_village_KA2_1,六浦,六浦,{=UmtiRMvI}Mutsura,kanto,,0
castle_village_KA2_2,神奈川,神奈川,{=qsDR6nPt}Kanagawa,kanto,,0
castle_village_KA3_1,佐仓,佐仓,{=8K5XNHMS}Sakura,kanto,,0
castle_village_KA3_2,成田,成田,{=8uc0Kj7G}Narita,kanto,,0
castle_village_KA4_1,市原,市原,{=4Qm8SgWv}Ichihara,kanto,,0
castle_village_KA4_2,小弓,小弓,{=Gv5tERn8}Oyumi,kanto,,0
castle_village_KA5_1,木更津,木更津,{=VBw6AtIt}Kisarazu,kanto,,0
castle_village_KA5_2,椎津,椎津,{=6OLFNFPW}Shiizu,kanto,,0
castle_village_KA6_1,佐贯,佐贯,{=1s4zTkO1}Sanuki,kanto,,0
castle_village_KA6_2,富津,富津,{=cPnEh9c9}Futtsu,kanto,,0
castle_village_KA7_1,馆山,馆山,{=o9lZQluw}Tateyama,kanto,,0
castle_village_KA7_2,保田,保田,{=3vIIUJfX}Hota,kanto,,0
castle_village_KA8_1,小湊,小湊,{=JaeqMZbL}Kominato,kanto,,0
castle_village_KA8_2,胜浦,胜浦,{=1czltRYb}Katsuura,kanto,,0
castle_village_KA9_1,久留里,久留里,{=mlDukSZk}Kururi,kanto,,0
castle_village_KA9_2,真里谷,真里谷,{=vRxccLfw}Mariyatsu,kanto,,0
castle_village_KA10_1,廿日市,廿日市,{=2cLzFoE1}Hatsukaichi,kanto,,0
castle_village_KA10_2,饭沼,饭沼,{=vehvdeEq}Iinuma,kanto,,0
castle_village_KA11_1,高浜,高浜,{=63kkGmr0}Takahama,kanto,,0
castle_village_KA11_2,鉾田,鉾田,{=t7zPXy1y}Hokota,kanto,,0
castle_village_KA12_1,水户,水户,{=unBMdPnQ}Mito,kanto,,0
castle_village_KA12_2,那珂湊,那珂湊,{=S3r12ca1}Nakaminato,kanto,,0
castle_village_KA13_1,福原,福原,{=dr8GFyIJ}Fukuhara,kanto,,0
castle_village_KA13_2,大田原,大田原,{=EalLYsws}Otawara,kanto,,0
castle_village_KA14_1,涩川,涩川,{=GuVB0o4t}Shibukawa,kanto,,0
castle_village_KA14_2,沼田,沼田,{=yNbrNqwD}Numata,kanto,,0
castle_village_KA15_1,小幡,小幡,{=t1inD5Lx}Obata,kanto,,0
castle_village_KA15_2,奥平,奥平,{=o57onn7Q}Okudaira,kanto,,0
castle_village_KA16_1,深谷,深谷,{=9FKbt4zD}Fukaya,kanto,,0
castle_village_KA16_2,熊谷,熊谷,{=J65jYwD3}Kumagaya,kanto,,0
castle_village_KA17_1,川越,川越,{=JndaZB2w}Kawagoe,kanto,,0
castle_village_KA17_2,浦和,浦和,{=zRanyUdc}Urawa,kanto,,0
castle_village_KA18_1,新田,新田,{=8UOoxztL}Nitta,kanto,,0
castle_village_KA18_2,馆林,馆林,{=rZXDni5c}Tatebayashi,kanto,,0
castle_village_KA19_1,赤见,赤见,{=xRwhSNem}Akami,kanto,,0
castle_village_KA19_2,佐野,佐野,{=TuSOLp1h}Sano,kanto,,0
castle_village_KA20_1,壬生,壬生,{=VWIh1O6T}Mibu,kanto,,0
castle_village_KA20_2,下馆,下馆,{=CwUpZL5t}Shimodate,kanto,,0
castle_village_KA21_1,芳贺,芳贺,{=GXGaCaHX}Haga,kanto,,0
castle_village_KA21_2,真冈,真冈,{=9OKrr8tM}Mooka,kanto,,0
castle_village_KA22_1,笠间,笠间,{=uapC71GC}Kasama,kanto,,0
castle_village_KA22_2,赤泽,赤泽,{=lKDCjpUw}Akasawa,kanto,,0
castle_village_KA23_1,小田,小田,{=Z31UOoXV}Oda,kanto,,0
castle_village_KA23_2,土浦,土浦,{=XneOdQah}Tsuchiura,kanto,,0
castle_village_KA24_1,牛久,牛久,{=5JkMs0GN}Ushiku,kanto,,0
castle_village_KA24_2,谷田部,谷田部,{=Q2NujO9N}Yatabe,kanto,,0
castle_village_KA25_1,小金,小金,{=B0U7VE21}Kogane,kanto,,0
castle_village_KA25_2,松山,松山,{=02LbyErE}Matsuyama,kanto,,0
castle_village_KA26_1,古河,古河,{=XpOX5VFs}Koga,kanto,,0
castle_village_KA26_2,关宿,关宿,{=kX8k2MwY}Sekiyado,kanto,,0
castle_village_KA27_1,佐原,佐原,{=qtzqW2Oy}Sahara,kanto,,0
castle_village_KA27_2,鹿岛,鹿岛,{=dvlPiU2U}Kashima,kanto,,0
castle_village_KA28_1,藤田,藤田,{=KHJX6ldN}Fujita,kanto,,0
castle_village_KA28_2,秩父,秩父,{=dVLQGITS}Chichibu,kanto,,0
village_KIN1_1,那波,那波,{=LSCpqFPj}Naba,kinai,,0
village_KIN1_2,室村,室村,{=xqyUiSCO}Muro,kinai,,0
village_KIN1_3,阿贺,阿贺,{=hl01ZaFi}Aga,kinai,,0
village_KIN2_1,尼崎,尼崎,{=qMS6rcJ7}Amagasaki,kinai,,0
village_KIN2_2,枚方,枚方,{=PNF5BqUL}Hirakata,kinai,,0
village_KIN2_3,若江,若江,{=NU4XA4XB}Wakae,kinai,,0
village_KIN3_1,草部,草部,{=qh0lJtT0}Kusabe,kinai,,0
village_KIN3_2,吐师,吐师,{=43fknY0a}Haze,kinai,,0
village_KIN3_3,石津,石津,{=RiByzBoT}Ishizu,kinai,,0
village_KIN4_1,郡山,郡山,{=YJwLUC98}Koriyama,kinai,,0
village_KIN4_2,斑鸠,斑鸠,{=HPJqbRGp}Ikaruga,kinai,,0
village_KIN4_3,今井,今井,{=kEOZW3MW}Imai,kinai,,0
village_KIN5_1,龟冈,龟冈,{=UombAy1F}Kameoka,kinai,,0
village_KIN5_2,大津,大津,{=fc4uciRX}Otsu,kinai,,0
village_KIN5_3,山科,山科,{=SqhunkSg}Yamashina,kinai,,0
village_KIN6_1,坂本,坂本,{=svF9a3AO}Sakamoto,kinai,,0
village_KIN6_2,坚田,坚田,{=zPlJZ4Et}Katata,kinai,,0
village_KIN6_3,安土,安土,{=GdmtbPuu}Azuchi,kinai,,0
village_KIN7_1,长浜,长浜,{=Z6IR3pmc}Nagahama,kinai,,0
village_KIN7_2,国友,国友,{=nvn46but}Kunitomo,kinai,,0
village_KIN7_3,盐津,盐津,{=idWuOFGc}Shiozu,kinai,,0
castle_village_KIN1_1,盐田,盐田,{=8zJovLxd}Shisou,kinai,,0
castle_village_KIN1_2,岩村,岩村,{=fif8CY4b}Iwa,kinai,,0
castle_village_KIN2_1,朝来,朝来,{=B4rIgAXu}Asago,kinai,,0
castle_village_KIN2_2,粟贺,粟贺,{=kvIfk7Pn}Awaga,kinai,,0
castle_village_KIN3_1,养父,养父,{=FQrxDEty}Yabu,kinai,,0
castle_village_KIN3_2,木崎,木崎,{=AKm44xSa}Kinosaki,kinai,,0
castle_village_KIN4_1,宫津,宫津,{=31sB29eI}Miyazu,kinai,,0
castle_village_KIN4_2,田边,田边,{=I64Wuxzl}Tanabe,kinai,,0
castle_village_KIN5_1,大盐,大盐,{=TNmMVECR}Oshio,kinai,,0
castle_village_KIN5_2,高砂,高砂,{=wjCmFvz8}Takasago,kinai,,0
castle_village_KIN6_1,三木,三木,{=ZqMNObKk}Miki,kinai,,0
castle_village_KIN6_2,明石,明石,{=CQHwBFdV}Akashi,kinai,,0
castle_village_KIN7_1,兵库,兵库,{=TA6vAIHp}Hyogo,kinai,,0
castle_village_KIN7_2,有马,有马,{=HCBBJbxX}Arima,kinai,,0
castle_village_KIN8_1,伊丹,伊丹,{=1lijcoPq}Itami,kinai,,0
castle_village_KIN8_2,富田,富田,{=8RAd0mOi}Tonda,kinai,,0
castle_village_KIN9_1,长浜,长浜,{=Z6IR3pmc}Nagahama,kinai,,0
castle_village_KIN9_2,海津,海津,{=ssuKNazT}Kaizu,kinai,,0
castle_village_KIN10_1,多贺,多贺,{=kJ7GSg2b}Taga,kinai,,0
castle_village_KIN10_2,河原,河原,{=eiBJgTd6}Koura,kinai,,0
castle_village_KIN11_1,富雄,富雄,{=BaPSdev3}Tomio,kinai,,0
castle_village_KIN11_2,平群,平群,{=d6koZFZX}Heguri,kinai,,0
castle_village_KIN12_1,久宝寺,久宝寺,{=H96dzZca}Kyuhouji,kinai,,0
castle_village_KIN12_2,富田林,富田林,{=hJXbIbcC}Tondabayashi,kinai,,0
castle_village_KIN13_1,贝塚,贝塚,{=jxkb3kzF}Kaizuka,kinai,,0
castle_village_KIN13_2,淡轮,淡轮,{=zDhlobyA}Tannowa,kinai,,0
castle_village_KIN14_1,由良,由良,{=AvIvF9cQ}Yura,kinai,,0
castle_village_KIN14_2,福浦,福浦,{=4E2Osk84}Fukura,kinai,,0
castle_village_KIN15_1,加太,加太,{=LZQI2qYV}Kada,kinai,,0
castle_village_KIN15_2,纪伊湊,纪伊湊,{=JiCy0cGU}Kinominato,kinai,,0
castle_village_KIN16_1,汤浅,汤浅,{=dfHStZUp}Yuasa,kinai,,0
castle_village_KIN16_2,纪伊由良,纪伊由良,{=dXkBXUQ2}Kii-Yura,kinai,,0
castle_village_KIN17_1,国崎,国崎,{=scbRMDG2}Kuzaki,kinai,,0
castle_village_KIN17_2,大湊,大湊,{=Z06Isd7R}Ominato,kinai,,0
castle_village_KIN18_1,有泷,有泷,{=vYdmdRjj}Aritaki,kinai,,0
castle_village_KIN18_2,细汲,细汲,{=mV7Ib8JR}Hosokumi,kinai,,0
castle_village_KIN18_3,安浓津,安浓津,{=hN7GTqtN}Anotsu,kinai,,0
castle_village_KIN19_1,名张,名张,{=WhNyyoAt}Nabari,kinai,,0
castle_village_KIN19_2,柘植,柘植,{=t93lkmYo}Tsuge,kinai,,0
castle_village_KIN20_1,水口,水口,{=DT6ynFvP}Minakuchi,kinai,,0
castle_village_KIN20_2,音羽,音羽,{=vecUUwJp}Otowa,kinai,,0
castle_village_KIN21_1,白子,白子,{=4VCQnnAN}Shirako,kinai,,0
castle_village_KIN21_2,屈巢,屈巢,{=8ikUEhbQ}Kusu,kinai,,0
castle_village_KIN22_1,桑名,桑名,{=ZnlA58aj}Kuwana,kinai,,0
castle_village_KIN22_2,中江,中江,{=P5GkX0F8}Nakae,kinai,,0
castle_village_KIN23_1,大山崎,大山崎,{=JrStOL0U}Oyamazaki,kinai,,0
castle_village_KIN23_2,宇治,宇治,{=02pX6hRh}Uji,kinai,,0
castle_village_KIN24_1,小松原,小松原,{=1rfay3TH}Komatsubara,kinai,,0
castle_village_KIN24_2,御坊,御坊,{=HbMqTOlK}Gobo,kinai,,0
village_KY1_1,高须,高须,{=j25R8lHH}Takasu,saikai,,0
village_KY1_2,姶良,姶良,{=kWIpce0W}Aira,saikai,,0
village_KY1_3,鹿屋,鹿屋,{=LUmsTlq0}Kanoya,saikai,,0
village_KY2_1,川上,川上,{=L6kjepZF}Kawakami,saikai,,0
village_KY2_2,蔺牟田,蔺牟田,{=p6O0gMzu}Imuta,saikai,,0
village_KY2_3,知览,知览,{=eJyaOfUD}Chiran,saikai,,0
village_KY3_1,宫崎,宫崎,{=4XJg880P}Miyazaki,saikai,,0
village_KY3_2,木胁,木胁,{=SVbVfUM2}Kiwaki,saikai,,0
village_KY3_3,妻万,妻万,{=BNks4KgV}Tsuma,saikai,,0
village_KY4_1,大畑,大畑,{=4HuxiIxy}Okoba,saikai,,0
village_KY4_2,木上,木上,{=oFXG6Da7}Kinoue,saikai,,0
village_KY4_3,山田,山田,{=5eaNziO9}Yamada,saikai,,0
village_KY5_1,引治,引治,{=ffcYS6qW}Hikiji,saikai,,0
village_KY5_2,一尺屋,一尺屋,{=sRoPcqQk}Isshakuya,saikai,,0
village_KY6_1,本庄,本庄,{=ASyaMblp}Honjo,saikai,,0
village_KY6_2,广津,广津,{=ZqZ1vTUG}Hirotsu,saikai,,0
village_KY6_3,湿津,湿津,{=mlSVyux6}Urustu,saikai,,0
village_KY7_1,盐塚,盐塚,{=HsmYTQSG}Shiozuka,saikai,,0
village_KY7_2,猿柿,猿柿,{=ul6hJmhX}Sarukaki,saikai,,0
village_KY7_3,大刀洗,大刀洗,{=FfxSAyD5}Tachiarai,saikai,,0
village_KY8_1,御船,御船,{=r0VfhBU0}Mifune,saikai,,0
village_KY8_2,梅尾,梅尾,{=RGjU5dz5}Umeo,saikai,,0
village_KY8_3,菊池,菊池,{=DAWFhgck}Kikuchi,saikai,,0
village_KY9_1,水城,水城,{=vAe5refA}Mizuki,saikai,,0
village_KY9_2,菰野,菰野,{=CpUJiWgf}Komono,saikai,,0
village_KY10_1,德岛,德岛,{=XVb1ehch}Tokushima,saikai,,0
village_KY10_2,佐留志,佐留志,{=0aitRUqP}Sarushi,saikai,,0
village_KY11_1,口之津,口之津,{=EjeToav7}Kuchinotsu,saikai,,0
village_KY11_2,神代,神代,{=cpQhL9ZC}Koujiro,saikai,,0
village_KY11_3,浜町,浜町,{=UxE57P3d}Hamano,saikai,,0
castle_village_KY1_1,根占,根占,{=rRgHbmlr}Nejime,saikai,,0
castle_village_KY1_2,野间,野间,{=WZH3w9tF}Noma,saikai,,0
castle_village_KY2_1,志布志,志布志,{=tQmhIOIF}Shibushitsu,saikai,,0
castle_village_KY2_2,安乐,安乐,{=OIi5cXVf}Anraku,saikai,,0
castle_village_KY3_1,垂水,垂水,{=1Fr3VoTo}Tarumizu,saikai,,0
castle_village_KY3_2,野方,野方,{=hLETw6Gd}Nogata,saikai,,0
castle_village_KY4_1,梅北,梅北,{=GKxseaL3}Umekita,saikai,,0
castle_village_KY4_2,财部,财部,{=NH7hv1F0}Takarabe,saikai,,0
castle_village_KY5_1,蒲生,蒲生,{=yIiSFFeh}Kamou,saikai,,0
castle_village_KY5_2,平松,平松,{=NahCzVBn}Hiramatsu,saikai,,0
castle_village_KY6_1,田尻,田尻,{=DHj4tjcO}Tajiri,saikai,,0
castle_village_KY6_2,坊津,坊津,{=J9ojWArl}Bonotsu,saikai,,0
castle_village_KY7_1,山川,山川,{=1PXeijMQ}Yamagawa,saikai,,0
castle_village_KY7_2,指宿,指宿,{=f1qlejME}Ibusuki,saikai,,0
castle_village_KY8_1,池岛,池岛,{=fCbUH9xs}Ikejima,saikai,,0
castle_village_KY8_2,白鸟,白鸟,{=ABY7N8bq}Shiratori,saikai,,0
castle_village_KY9_1,串木野,串木野,{=5cBCgUn1}Kushikino,saikai,,0
castle_village_KY9_2,藤川,藤川,{=fzrGQOuD}Fujikawa,saikai,,0
castle_village_KY10_1,阿久根,阿久根,{=FKAHnPeI}Akune,saikai,,0
castle_village_KY10_2,堂崎,堂崎,{=HT1TJQRB}Dozaki,saikai,,0
castle_village_KY11_1,酒谷,酒谷,{=cXYrWwnD}Sakatani,saikai,,0
castle_village_KY11_2,油津,油津,{=hih1prHh}Aburanotsu,saikai,,0
castle_village_KY12_1,镜洲,镜洲,{=JHhvCoXG}Kagamizu,saikai,,0
castle_village_KY12_2,曾井,曾井,{=o7OrcwcK}Soi,saikai,,0
castle_village_KY13_1,野尻,野尻,{=3DfoUkQy}Nojiri,saikai,,0
castle_village_KY13_2,三纳,三纳,{=UysYG0ST}Minou,saikai,,0
castle_village_KY14_1,盐见,盐见,{=qiAah3xb}Shiomi,saikai,,0
castle_village_KY14_2,阿形,阿形,{=8sz0tXhd}Agata,saikai,,0
castle_village_KY15_1,久米,久米,{=RnY20xbi}Kume,saikai,,0
castle_village_KY15_2,盐见,盐见,{=qiAah3xb}Taragi,saikai,,0
castle_village_KY16_1,羽月,羽月,{=7CLX8g0B}Hatsuki,saikai,,0
castle_village_KY16_2,牛屎院,牛屎院,{=UiKJPgNh}Ushikusoin,saikai,,0
castle_village_KY17_1,德渊津,德渊津,{=VtJMB9Su}Tokubuchitsu,saikai,,0
castle_village_KY17_2,佐敷,佐敷,{=MnzEGhcs}Sashiki,saikai,,0
castle_village_KY18_1,寺司浜,寺司浜,{=3E9YRaFR}Terajihama,saikai,,0
castle_village_KY18_2,千岁,千岁,{=TLZ8fwHD}Senzai,saikai,,0
castle_village_KY19_1,藤北,藤北,{=RJwm8sOR}Fujikita,saikai,,0
castle_village_KY19_2,一万田,一万田,{=OHnTDMNl}Ichimada,saikai,,0
castle_village_KY20_1,奈多,奈多,{=QsnLEOc2}Nata,saikai,,0
castle_village_KY20_2,高田,高田,{=GP8I3F8l}Takada,saikai,,0
castle_village_KY21_1,坂本,坂本,{=svF9a3AO}Sakamoto,saikai,,0
castle_village_KY21_2,石松,石松,{=dCD739MX}Ishimatsu,saikai,,0
castle_village_KY22_1,沟口,沟口,{=eBLaHjSJ}Mizoguchi,saikai,,0
castle_village_KY22_2,矢部,矢部,{=YIGWJwKV}Yabe,saikai,,0
castle_village_KY23_1,牧村,牧村,{=5OrsY3Wz}Maki,saikai,,0
castle_village_KY23_2,竹迫,竹迫,{=Ucg7oX28}Takaba,saikai,,0
castle_village_KY24_1,大仓山,大仓山,{=aopAmhHp}Okurayama,saikai,,0
castle_village_KY24_2,副田,副田,{=XqBNIq9G}Soeda,saikai,,0
castle_village_KY25_1,门司,门司,{=0QTdZKo2}Moji,saikai,,0
castle_village_KY25_2,长野,长野,{=aALll4Gm}Nagano,saikai,,0
castle_village_KY26_1,鹿江,鹿江,{=qTl7CJAl}Kanoe,saikai,,0
castle_village_KY26_2,崎村,崎村,{=5u0Pc117}Sakimura,saikai,,0
castle_village_KY27_1,千布,千布,{=SBckHhdZ}Chifu,saikai,,0
castle_village_KY27_2,今山,今山,{=2lDJWmDh}Imayama,saikai,,0
castle_village_KY28_1,迫间,迫间,{=TMiJJOHo}Hazama,saikai,,0
castle_village_KY28_2,晴气,晴气,{=kYDrfyq9}Haruke,saikai,,0
castle_village_KY29_1,岩松,岩松,{=nBaMGgNo}Iwamatsu,saikai,,0
castle_village_KY29_2,长崎,长崎,{=b7yO79tn}Nagasaki,saikai,,0
castle_village_KY30_1,小岛,小岛,{=0AIh4sLQ}Ojima,saikai,,0
castle_village_KY30_2,杵岛,杵岛,{=pyqR4PGc}Kishima,saikai,,0
castle_village_KY31_1,益城,益城,{=j1XEMyqn}Mashiki,saikai,,0
castle_village_KY31_2,宇土,宇土,{=Tr73jAZQ}Udo,saikai,,0
castle_village_KY32_1,坚志田,坚志田,{=y19oi5PN}Katashida,saikai,,0
castle_village_KY32_2,小佐,小佐,{=ROS1fAAN}Kosa,saikai,,0
village_SHI1_1,柏岛,柏岛,{=r2zh2zgG}Kashiwajima,nankai,,0
village_SHI1_2,清水,清水,{=htHL9YA2}Shimizu,nankai,,0
village_SHI1_3,入野,入野,{=v1JzXhFl}Irino,nankai,,0
village_SHI2_1,板岛,板岛,{=nP4eDvur}Itashima,nankai,,0
village_SHI2_2,八幡浜,八幡浜,{=5RlNrax2}Yawatahama,nankai,,0
village_SHI2_3,法华津,法华津,{=Y3U6iVbc}Hoketsu,nankai,,0
village_SHI4_1,荏原,荏原,{=cOkHyAGW}Ebara,nankai,,0
village_SHI4_2,正木,正木,{=nlTcnzDH}Masaki,nankai,,0
village_SHI4_3,三津浜,三津浜,{=wQMWYpmM}Mitsuhama,nankai,,0
village_SHI5_1,浦户,浦户,{=q6ybFEVI}Urado,nankai,,0
village_SHI5_2,本山,本山,{=7XDTcaQb}Motoyama,nankai,,0
village_SHI5_3,香宗,香宗,{=nmm8Bu6b}Kouso,nankai,,0
village_SHI6_1,仁尾,仁尾,{=AnrHVvKK}Nio,nankai,,0
village_SHI6_2,多度津,多度津,{=aMpkMmHq}Tadotsu,nankai,,0
village_SHI7_1,立花,立花,{=ku69fD7c}Tachibana,nankai,,0
village_SHI7_2,平岛,平岛,{=x0ujuUWA}Hirashima,nankai,,0
village_SHI7_3,结城,结城,{=vOc88PUp}Yuki,nankai,,0
castle_village_SHI1_1,与津,与津,{=k2dvsiaD}Yotsu,nankai,,0
castle_village_SHI1_2,须崎,须崎,{=nAzazSPE}Susaki,nankai,,0
castle_village_SHI2_1,长浜,长浜,{=Z6IR3pmc}Nagahama,nankai,,0
castle_village_SHI2_2,内子,内子,{=kPVN94M0}Uchiko,nankai,,0
castle_village_SHI3_1,深浦,深浦,{=IOanxV4Y}Fukaura,nankai,,0
castle_village_SHI3_2,宿毛,宿毛,{=zmnn621o}Sukumo,nankai,,0
castle_village_SHI4_1,今治,今治,{=VtFXe1Li}Imabari,nankai,,0
castle_village_SHI4_2,大浦,大浦,{=FmvBJPlM}Oura,nankai,,0
castle_village_SHI5_1,伊野,伊野,{=Tz4Dextk}Ino,nankai,,0
castle_village_SHI5_2,宇佐,宇佐,{=Dt7tVVZ2}Usa,nankai,,0
castle_village_SHI6_1,新居浜,新居浜,{=jdzhgkfo}Niihama,nankai,,0
castle_village_SHI6_2,川之江,川之江,{=NR5KAE14}Kawanoe,nankai,,0
castle_village_SHI7_1,马路,马路,{=3Gtl1ZWV}Umaji,nankai,,0
castle_village_SHI7_2,州津,州津,{=Ydi2eMWL}Shuzu,nankai,,0
castle_village_SHI8_1,井之口,井之口,{=FMZ0ghV3}Inoguchi,nankai,,0
castle_village_SHI8_2,奈半利,奈半利,{=NbT4Swom}Nahari,nankai,,0
castle_village_SHI9_1,室津,室津,{=BwdDTePk}Murotsu,nankai,,0
castle_village_SHI9_2,甲浦,甲浦,{=tC73LOrW}Kannoura,nankai,,0
castle_village_SHI10_1,香西,香西,{=hxnWpK6g}Kozai,nankai,,0
castle_village_SHI10_2,志度,志度,{=hE6MmVcF}Shido,nankai,,0
castle_village_SHI11_1,别宫,别宫,{=5Y2Acdc9}Bekku,nankai,,0
castle_village_SHI11_2,小松岛,小松岛,{=yMHAPvF7}Komatsushima,nankai,,0
village_TOHO1_1,神指,神指,{=qZJxFCAP}Kouzashi,ou,,0
village_TOHO1_2,新宫,新宫,{=lUgrIbsy}Shingu,ou,,0
village_TOHO1_3,先川,先川,{=x3I1aFDf}Sakigawa,ou,,0
village_TOHO2_1,长井,长井,{=ucQBmrCG}Nagai,ou,,0
village_TOHO2_2,小松,小松,{=F5azEbwE}Komatsu,ou,,0
village_TOHO2_3,高畑,高畑,{=2vWUQEjx}Takahata,ou,,0
village_TOHO3_1,柏仓,柏仓,{=gaUB4BnH}Kashikura,ou,,0
village_TOHO3_2,成泽,成泽,{=df4bDfVc}Narisawa,ou,,0
village_TOHO3_3,岩波,岩波,{=tVLZhzFJ}Iwanami,ou,,0
village_TOHO4_1,桃生,桃生,{=uz57gbic}Monou,ou,,0
village_TOHO4_2,横浦,横浦,{=I7PkmB8a}Yokoura,ou,,0
village_TOHO4_3,萩浜,萩浜,{=7rgGkG5A}Hagihama,ou,,0
village_TOHO5_1,吹浦,吹浦,{=mv5V2ut6}Fukiura,ou,,0
village_TOHO5_2,龟崎,龟崎,{=HYWVIvb5}Kamegasaki,ou,,0
village_TOHO5_3,出羽尾浦,出羽尾浦,{=hMUcPr79}Dewa-Oura,ou,,0
village_TOHO6_1,胁本,胁本,{=31TCIXhh}Wakimoto,ou,,0
village_TOHO6_2,秋田滩,秋田滩,{=74v8alVP}Akitanada,ou,,0
village_TOHO6_3,丰岛,丰岛,{=H1j9IJpL}Toshima,ou,,0
village_TOHO7_1,奥濑,奥濑,{=REnRF8j7}Okuse,ou,,0
village_TOHO7_2,斗内,斗内,{=g5nOB4NF}Tonai,ou,,0
village_TOHO7_3,田子,田子,{=JD0A5H5Z}Tago,ou,,0
village_TOHO8_1,三厩,三厩,{=PUlURumW}Minmaya,ou,,0
village_TOHO8_2,矶松,矶松,{=fBj65a4D}Isomatsu,ou,,0
village_TOHO8_3,牛潟,牛潟,{=1SYbPUL2}Ushiogata,ou,,0
castle_village_TOHO1_1,关柴,关柴,{=bQNPHfvT}Sekishiba,ou,,0
castle_village_TOHO1_2,船冈,船冈,{=QaEH7Dir}Funaoka,ou,,0
castle_village_TOHO2_1,白津,白津,{=0nigus9o}Shirotsu,ou,,0
castle_village_TOHO2_2,猪苗代,猪苗代,{=DYJqFlFJ}Inawashiro,ou,,0
castle_village_TOHO3_1,足立,足立,{=PyJrv2Zi}Adachi,ou,,0
castle_village_TOHO3_2,二本松,二本松,{=6EjtiE1h}Nihonmatsu,ou,,0
castle_village_TOHO4_1,田村,田村,{=umB4cBex}Tamura,ou,,0
castle_village_TOHO4_2,郡山,郡山,{=YJwLUC98}Koriyama,ou,,0
castle_village_TOHO5_1,朝坂,朝坂,{=Epzs9bvB}Asaka,ou,,0
castle_village_TOHO5_2,岩濑,岩濑,{=gJ8oFcbF}Iwase,ou,,0
castle_village_TOHO6_1,白土,白土,{=uJ6CdWHi}Shirado,ou,,0
castle_village_TOHO6_2,船尾,船尾,{=7Hq10uGX}Funao,ou,,0
castle_village_TOHO7_1,草野,草野,{=i3yQgaJa}Kusano,ou,,0
castle_village_TOHO7_2,小高,小高,{=QF5ogRWa}Odaka,ou,,0
castle_village_TOHO8_1,挂田,挂田,{=C2H4DaQK}Kakeda,ou,,0
castle_village_TOHO8_2,中牟田,中牟田,{=6lW35QHG}Nakamuta,ou,,0
castle_village_TOHO9_1,西山,西山,{=QOPgjGHV}Nishiyama,ou,,0
castle_village_TOHO9_2,丸森,丸森,{=bD7XR9fp}Marumori,ou,,0
castle_village_TOHO10_1,坂津田,坂津田,{=FXqfnZn9}Sakatsuta,ou,,0
castle_village_TOHO10_2,亘理,亘理,{=ZwoRpuj0}Watari,ou,,0
castle_village_TOHO11_1,白岩,白岩,{=bK3dj8lF}Shiraiwa,ou,,0
castle_village_TOHO11_2,左泽,左泽,{=gBu1s21m}Aterazawa,ou,,0
castle_village_TOHO12_1,盐釜,盐釜,{=OMLWJ5Fr}Shiogama,ou,,0
castle_village_TOHO12_2,仙台,仙台,{=vsV1qXqp}Sendai,ou,,0
castle_village_TOHO13_1,大平,大平,{=FvBaL0TE}Ohira,ou,,0
castle_village_TOHO13_2,黑川城,黑川城,{=5avzU4Vd}Kurokawa,ou,,0
castle_village_TOHO14_1,一栗,一栗,{=76tvhW5p}Ichikuri,ou,,0
castle_village_TOHO14_2,矶田,矶田,{=Z4W1hXLz}Isoda,ou,,0
castle_village_TOHO15_1,宫泽,宫泽,{=wqtco3R9}Miyazawa,ou,,0
castle_village_TOHO15_2,古川,古川,{=WyzxYdII}Furukawa,ou,,0
castle_village_TOHO16_1,佐沼,佐沼,{=nWaehi3F}Sanuma,ou,,0
castle_village_TOHO16_2,松崎,松崎,{=hodlaZbm}Matsuzaki,ou,,0
castle_village_TOHO17_1,尾花泽,尾花泽,{=9FV8t8dZ}Obanazawa,ou,,0
castle_village_TOHO17_2,延泽,延泽,{=pJZ7r6bs}Nobesawa,ou,,0
castle_village_TOHO18_1,象潟,象潟,{=Zofovajl}Kisakata,ou,,0
castle_village_TOHO18_2,庭月,庭月,{=UKEAbrPY}Niwatsuki,ou,,0
castle_village_TOHO19_1,赤尾津,赤尾津,{=Slnm1ecp}Akozu,ou,,0
castle_village_TOHO19_2,金浦,金浦,{=ocaoj1QX}Konoura,ou,,0
castle_village_TOHO20_1,岩崎,岩崎,{=vjlhfzst}Iwasaki,ou,,0
castle_village_TOHO20_2,汤泽,汤泽,{=1soJweIO}Yuzawa,ou,,0
castle_village_TOHO21_1,猪冈,猪冈,{=Izs9VpaL}Inooka,ou,,0
castle_village_TOHO21_2,锅仓,锅仓,{=6gi0UGoC}Nabekura,ou,,0
castle_village_TOHO22_1,唐桑,唐桑,{=BONgbdKq}Karakuwa,ou,,0
castle_village_TOHO22_2,气仙沼,气仙沼,{=hEKTynbL}Kesennuma,ou,,0
castle_village_TOHO23_1,远野,远野,{=7CRT9rFq}Tono,ou,,0
castle_village_TOHO23_2,大槌,大槌,{=7wjzzonU}Otsuchi,ou,,0
castle_village_TOHO24_1,田锁,田锁,{=UogO5FoZ}Takusari,ou,,0
castle_village_TOHO24_2,宫古,宫古,{=5c3BJNVM}Miyako,ou,,0
castle_village_TOHO25_1,不来方,不来方,{=pbXTKvQy}Kozukata,ou,,0
castle_village_TOHO25_2,鸟谷崎,鸟谷崎,{=AzsAhFFD}Toyagasaki,ou,,0
castle_village_TOHO26_1,楢冈,楢冈,{=FVZd8Tl0}Naraoka,ou,,0
castle_village_TOHO26_2,户卷,户卷,{=o9liYcr7}Tomaki,ou,,0
castle_village_TOHO27_1,能代,能代,{=YxF2cu41}Noshiro,ou,,0
castle_village_TOHO27_2,米内泽,米内泽,{=0V9ZvruS}Yonaizawa,ou,,0
castle_village_TOHO28_1,花冈,花冈,{=uces05JF}Hanaoka,ou,,0
castle_village_TOHO28_2,杉泽,杉泽,{=YlXMYatL}Sugisawa,ou,,0
castle_village_TOHO29_1,常保寺,常保寺,{=QZ9ZAS3I}Joho-ji,ou,,0
castle_village_TOHO29_2,葛卷,葛卷,{=kcAqbMj0}Kuzumaki,ou,,0
castle_village_TOHO30_1,久慈,久慈,{=IrLmW3mx}Kuji,ou,,0
castle_village_TOHO30_2,玉川,玉川,{=uk7bwWFE}Tamagawa,ou,,0
castle_village_TOHO31_1,五户,五户,{=FPRIRmVI}Gonohe,ou,,0
castle_village_TOHO31_2,八户,八户,{=pAmrC57D}Hachinohe,ou,,0
castle_village_TOHO32_1,横浜,横浜,{=j8k6HP7X}Yokohama,ou,,0
castle_village_TOHO32_2,野边地,野边地,{=aUExdpE1}Nobeji,ou,,0
castle_village_TOHO33_1,鲹泽,鲹泽,{=0gDY3o31}Ajigasawa,ou,,0
castle_village_TOHO33_2,一町田,一町田,{=2YQh9dGU}Itchoda,ou,,0
castle_village_TOHO34_1,油川,油川,{=EUW4qdGe}Aburakawa,ou,,0
castle_village_TOHO34_2,广田,广田,{=hXqRZVEA}Hirota,ou,,0
castle_village_TOHO35_1,大畑,大畑,{=w65n9Jva}Ohata,ou,,0
castle_village_TOHO35_2,田边,田边,{=I64Wuxzl}Tanabe,ou,,0
